case_id,common_keys,matching_size,fork_feasible,oracle_fork,certificate_accepted
case-00001,1,0,0,0,1
case-00002,0,0,1,1,1
case-00003,1,0,0,0,1
case-00004,0,0,1,1,1
case-00005,1,0,0,0,1
case-00006,0,0,1,1,1
case-00007,1,0,0,0,1
case-00008,0,0,1,1,1
case-00009,1,0,0,0,1
case-00010,1,0,0,0,1
case-00011,0,0,1,1,1
case-00012,0,0,1,1,1
case-00013,1,0,0,0,1
case-00014,1,0,0,0,1
case-00015,1,0,0,0,1
case-00016,1,0,0,0,1
case-00017,2,0,0,0,1
case-00018,0,0,1,1,1
case-00019,1,0,0,0,1
case-00020,1,0,0,0,1
case-00021,2,0,0,0,1
case-00022,0,0,1,1,1
case-00023,0,0,1,1,1
case-00024,0,0,1,1,1
case-00025,1,0,0,0,1
case-00026,1,0,0,0,1
case-00027,1,0,0,0,1
case-00028,1,0,0,0,1
case-00029,1,0,0,0,1
case-00030,0,0,1,1,1
case-00031,1,0,0,0,1
case-00032,1,0,0,0,1
case-00033,2,0,0,0,1
case-00034,1,0,0,0,1
case-00035,2,0,0,0,1
case-00036,0,0,1,1,1
case-00037,1,0,0,0,1
case-00038,1,0,0,0,1
case-00039,1,0,0,0,1
case-00040,1,0,0,0,1
case-00041,2,0,0,0,1
case-00042,2,0,0,0,1
case-00043,1,0,0,0,1
case-00044,1,0,0,0,1
case-00045,2,0,0,0,1
case-00046,1,0,0,0,1
case-00047,2,0,0,0,1
case-00048,2,0,0,0,1
case-00049,3,0,0,0,1
case-00050,1,0,0,0,1
case-00051,0,0,1,1,1
case-00052,1,0,0,0,1
case-00053,0,0,1,1,1
case-00054,1,0,0,0,1
case-00055,0,0,1,1,1
case-00056,1,0,0,0,1
case-00057,0,0,1,1,1
case-00058,1,0,0,0,1
case-00059,1,0,0,0,1
case-00060,0,0,1,1,1
case-00061,0,0,1,1,1
case-00062,1,0,0,0,1
case-00063,1,0,0,0,1
case-00064,1,0,0,0,1
case-00065,1,0,0,0,1
case-00066,2,0,0,0,1
case-00067,0,0,1,1,1
case-00068,1,0,0,0,1
case-00069,1,0,0,0,1
case-00070,2,0,0,0,1
case-00071,0,0,1,1,1
case-00072,0,0,1,1,1
case-00073,0,0,1,1,1
case-00074,1,0,0,0,1
case-00075,1,0,0,0,1
case-00076,1,0,0,0,1
case-00077,1,0,0,0,1
case-00078,1,0,0,0,1
case-00079,0,0,1,1,1
case-00080,1,0,0,0,1
case-00081,1,0,0,0,1
case-00082,2,0,0,0,1
case-00083,1,0,0,0,1
case-00084,2,0,0,0,1
case-00085,0,0,1,1,1
case-00086,1,0,0,0,1
case-00087,1,0,0,0,1
case-00088,1,0,0,0,1
case-00089,1,0,0,0,1
case-00090,2,0,0,0,1
case-00091,2,0,0,0,1
case-00092,1,0,0,0,1
case-00093,1,0,0,0,1
case-00094,2,0,0,0,1
case-00095,1,0,0,0,1
case-00096,2,0,0,0,1
case-00097,2,0,0,0,1
case-00098,3,0,0,0,1
case-00099,1,1,1,1,1
case-00100,0,0,1,1,1
case-00101,1,1,1,1,1
case-00102,0,0,1,1,1
case-00103,1,1,1,1,1
case-00104,0,0,1,1,1
case-00105,1,1,1,1,1
case-00106,0,0,1,1,1
case-00107,1,1,1,1,1
case-00108,1,1,1,1,1
case-00109,0,0,1,1,1
case-00110,0,0,1,1,1
case-00111,1,1,1,1,1
case-00112,1,1,1,1,1
case-00113,1,1,1,1,1
case-00114,1,1,1,1,1
case-00115,2,1,0,0,1
case-00116,0,0,1,1,1
case-00117,1,1,1,1,1
case-00118,1,1,1,1,1
case-00119,2,1,0,0,1
case-00120,0,0,1,1,1
case-00121,0,0,1,1,1
case-00122,0,0,1,1,1
case-00123,1,1,1,1,1
case-00124,1,1,1,1,1
case-00125,1,1,1,1,1
case-00126,1,1,1,1,1
case-00127,1,1,1,1,1
case-00128,0,0,1,1,1
case-00129,1,1,1,1,1
case-00130,1,1,1,1,1
case-00131,2,1,0,0,1
case-00132,1,1,1,1,1
case-00133,2,1,0,0,1
case-00134,0,0,1,1,1
case-00135,1,1,1,1,1
case-00136,1,1,1,1,1
case-00137,1,1,1,1,1
case-00138,1,1,1,1,1
case-00139,2,1,0,0,1
case-00140,2,1,0,0,1
case-00141,1,1,1,1,1
case-00142,1,1,1,1,1
case-00143,2,1,0,0,1
case-00144,1,1,1,1,1
case-00145,2,1,0,0,1
case-00146,2,1,0,0,1
case-00147,3,1,0,0,1
case-00148,1,1,1,1,1
case-00149,0,0,1,1,1
case-00150,1,1,1,1,1
case-00151,0,0,1,1,1
case-00152,1,1,1,1,1
case-00153,0,0,1,1,1
case-00154,1,1,1,1,1
case-00155,0,0,1,1,1
case-00156,1,1,1,1,1
case-00157,1,1,1,1,1
case-00158,0,0,1,1,1
case-00159,0,0,1,1,1
case-00160,1,1,1,1,1
case-00161,1,1,1,1,1
case-00162,1,1,1,1,1
case-00163,1,1,1,1,1
case-00164,2,1,0,0,1
case-00165,0,0,1,1,1
case-00166,1,1,1,1,1
case-00167,1,1,1,1,1
case-00168,2,1,0,0,1
case-00169,0,0,1,1,1
case-00170,0,0,1,1,1
case-00171,0,0,1,1,1
case-00172,1,1,1,1,1
case-00173,1,1,1,1,1
case-00174,1,1,1,1,1
case-00175,1,1,1,1,1
case-00176,1,1,1,1,1
case-00177,0,0,1,1,1
case-00178,1,1,1,1,1
case-00179,1,1,1,1,1
case-00180,2,1,0,0,1
case-00181,1,1,1,1,1
case-00182,2,1,0,0,1
case-00183,0,0,1,1,1
case-00184,1,1,1,1,1
case-00185,1,1,1,1,1
case-00186,1,1,1,1,1
case-00187,1,1,1,1,1
case-00188,2,1,0,0,1
case-00189,2,1,0,0,1
case-00190,1,1,1,1,1
case-00191,1,1,1,1,1
case-00192,2,1,0,0,1
case-00193,1,1,1,1,1
case-00194,2,1,0,0,1
case-00195,2,1,0,0,1
case-00196,3,1,0,0,1
case-00197,1,0,0,0,1
case-00198,0,0,1,1,1
case-00199,1,0,0,0,1
case-00200,0,0,1,1,1
case-00201,1,0,0,0,1
case-00202,0,0,1,1,1
case-00203,1,0,0,0,1
case-00204,0,0,1,1,1
case-00205,1,0,0,0,1
case-00206,1,0,0,0,1
case-00207,0,0,1,1,1
case-00208,0,0,1,1,1
case-00209,1,0,0,0,1
case-00210,1,0,0,0,1
case-00211,1,0,0,0,1
case-00212,1,0,0,0,1
case-00213,2,0,0,0,1
case-00214,0,0,1,1,1
case-00215,1,0,0,0,1
case-00216,1,0,0,0,1
case-00217,2,0,0,0,1
case-00218,0,0,1,1,1
case-00219,0,0,1,1,1
case-00220,0,0,1,1,1
case-00221,1,0,0,0,1
case-00222,1,0,0,0,1
case-00223,1,0,0,0,1
case-00224,1,0,0,0,1
case-00225,1,0,0,0,1
case-00226,0,0,1,1,1
case-00227,1,0,0,0,1
case-00228,1,0,0,0,1
case-00229,2,0,0,0,1
case-00230,1,0,0,0,1
case-00231,2,0,0,0,1
case-00232,0,0,1,1,1
case-00233,1,0,0,0,1
case-00234,1,0,0,0,1
case-00235,1,0,0,0,1
case-00236,1,0,0,0,1
case-00237,2,0,0,0,1
case-00238,2,0,0,0,1
case-00239,1,0,0,0,1
case-00240,1,0,0,0,1
case-00241,2,0,0,0,1
case-00242,1,0,0,0,1
case-00243,2,0,0,0,1
case-00244,2,0,0,0,1
case-00245,3,0,0,0,1
case-00246,1,0,0,0,1
case-00247,0,0,1,1,1
case-00248,1,0,0,0,1
case-00249,0,0,1,1,1
case-00250,1,0,0,0,1
case-00251,0,0,1,1,1
case-00252,1,0,0,0,1
case-00253,0,0,1,1,1
case-00254,1,0,0,0,1
case-00255,1,0,0,0,1
case-00256,0,0,1,1,1
case-00257,0,0,1,1,1
case-00258,1,0,0,0,1
case-00259,1,0,0,0,1
case-00260,1,0,0,0,1
case-00261,1,0,0,0,1
case-00262,2,0,0,0,1
case-00263,0,0,1,1,1
case-00264,1,0,0,0,1
case-00265,1,0,0,0,1
case-00266,2,0,0,0,1
case-00267,0,0,1,1,1
case-00268,0,0,1,1,1
case-00269,0,0,1,1,1
case-00270,1,1,1,1,1
case-00271,1,1,1,1,1
case-00272,1,1,1,1,1
case-00273,1,1,1,1,1
case-00274,1,0,0,0,1
case-00275,0,0,1,1,1
case-00276,1,0,0,0,1
case-00277,1,1,1,1,1
case-00278,2,1,0,0,1
case-00279,1,1,1,1,1
case-00280,2,1,0,0,1
case-00281,0,0,1,1,1
case-00282,1,0,0,0,1
case-00283,1,0,0,0,1
case-00284,1,1,1,1,1
case-00285,1,1,1,1,1
case-00286,2,1,0,0,1
case-00287,2,1,0,0,1
case-00288,1,0,0,0,1
case-00289,1,0,0,0,1
case-00290,2,0,0,0,1
case-00291,1,1,1,1,1
case-00292,2,1,0,0,1
case-00293,2,1,0,0,1
case-00294,3,1,0,0,1
case-00295,1,1,1,1,1
case-00296,0,0,1,1,1
case-00297,1,1,1,1,1
case-00298,0,0,1,1,1
case-00299,1,1,1,1,1
case-00300,0,0,1,1,1
case-00301,1,1,1,1,1
case-00302,0,0,1,1,1
case-00303,1,1,1,1,1
case-00304,1,1,1,1,1
case-00305,0,0,1,1,1
case-00306,0,0,1,1,1
case-00307,1,1,1,1,1
case-00308,1,1,1,1,1
case-00309,1,1,1,1,1
case-00310,1,1,1,1,1
case-00311,2,1,0,0,1
case-00312,0,0,1,1,1
case-00313,1,1,1,1,1
case-00314,1,1,1,1,1
case-00315,2,1,0,0,1
case-00316,0,0,1,1,1
case-00317,0,0,1,1,1
case-00318,0,0,1,1,1
case-00319,1,0,0,0,1
case-00320,1,0,0,0,1
case-00321,1,0,0,0,1
case-00322,1,0,0,0,1
case-00323,1,1,1,1,1
case-00324,0,0,1,1,1
case-00325,1,1,1,1,1
case-00326,1,0,0,0,1
case-00327,2,1,0,0,1
case-00328,1,0,0,0,1
case-00329,2,1,0,0,1
case-00330,0,0,1,1,1
case-00331,1,1,1,1,1
case-00332,1,1,1,1,1
case-00333,1,0,0,0,1
case-00334,1,0,0,0,1
case-00335,2,1,0,0,1
case-00336,2,1,0,0,1
case-00337,1,1,1,1,1
case-00338,1,1,1,1,1
case-00339,2,1,0,0,1
case-00340,1,0,0,0,1
case-00341,2,1,0,0,1
case-00342,2,1,0,0,1
case-00343,3,1,0,0,1
case-00344,1,1,1,1,1
case-00345,0,0,1,1,1
case-00346,1,1,1,1,1
case-00347,0,0,1,1,1
case-00348,1,1,1,1,1
case-00349,0,0,1,1,1
case-00350,1,1,1,1,1
case-00351,0,0,1,1,1
case-00352,1,1,1,1,1
case-00353,1,1,1,1,1
case-00354,0,0,1,1,1
case-00355,0,0,1,1,1
case-00356,1,1,1,1,1
case-00357,1,1,1,1,1
case-00358,1,1,1,1,1
case-00359,1,1,1,1,1
case-00360,2,1,0,0,1
case-00361,0,0,1,1,1
case-00362,1,1,1,1,1
case-00363,1,1,1,1,1
case-00364,2,1,0,0,1
case-00365,0,0,1,1,1
case-00366,0,0,1,1,1
case-00367,0,0,1,1,1
case-00368,1,1,1,1,1
case-00369,1,1,1,1,1
case-00370,1,1,1,1,1
case-00371,1,1,1,1,1
case-00372,1,1,1,1,1
case-00373,0,0,1,1,1
case-00374,1,1,1,1,1
case-00375,1,1,1,1,1
case-00376,2,2,1,1,1
case-00377,1,1,1,1,1
case-00378,2,2,1,1,1
case-00379,0,0,1,1,1
case-00380,1,1,1,1,1
case-00381,1,1,1,1,1
case-00382,1,1,1,1,1
case-00383,1,1,1,1,1
case-00384,2,2,1,1,1
case-00385,2,2,1,1,1
case-00386,1,1,1,1,1
case-00387,1,1,1,1,1
case-00388,2,1,0,0,1
case-00389,1,1,1,1,1
case-00390,2,2,1,1,1
case-00391,2,2,1,1,1
case-00392,3,2,0,0,1
case-00393,1,0,0,0,1
case-00394,0,0,1,1,1
case-00395,1,0,0,0,1
case-00396,0,0,1,1,1
case-00397,1,0,0,0,1
case-00398,0,0,1,1,1
case-00399,1,0,0,0,1
case-00400,0,0,1,1,1
case-00401,1,0,0,0,1
case-00402,1,0,0,0,1
case-00403,0,0,1,1,1
case-00404,0,0,1,1,1
case-00405,1,0,0,0,1
case-00406,1,0,0,0,1
case-00407,1,0,0,0,1
case-00408,1,0,0,0,1
case-00409,2,0,0,0,1
case-00410,0,0,1,1,1
case-00411,1,0,0,0,1
case-00412,1,0,0,0,1
case-00413,2,0,0,0,1
case-00414,0,0,1,1,1
case-00415,0,0,1,1,1
case-00416,0,0,1,1,1
case-00417,1,0,0,0,1
case-00418,1,0,0,0,1
case-00419,1,0,0,0,1
case-00420,1,0,0,0,1
case-00421,1,0,0,0,1
case-00422,0,0,1,1,1
case-00423,1,0,0,0,1
case-00424,1,0,0,0,1
case-00425,2,0,0,0,1
case-00426,1,0,0,0,1
case-00427,2,0,0,0,1
case-00428,0,0,1,1,1
case-00429,1,0,0,0,1
case-00430,1,0,0,0,1
case-00431,1,0,0,0,1
case-00432,1,0,0,0,1
case-00433,2,0,0,0,1
case-00434,2,0,0,0,1
case-00435,1,0,0,0,1
case-00436,1,0,0,0,1
case-00437,2,0,0,0,1
case-00438,1,0,0,0,1
case-00439,2,0,0,0,1
case-00440,2,0,0,0,1
case-00441,3,0,0,0,1
case-00442,1,0,0,0,1
case-00443,0,0,1,1,1
case-00444,1,0,0,0,1
case-00445,0,0,1,1,1
case-00446,1,0,0,0,1
case-00447,0,0,1,1,1
case-00448,1,0,0,0,1
case-00449,0,0,1,1,1
case-00450,1,0,0,0,1
case-00451,1,0,0,0,1
case-00452,0,0,1,1,1
case-00453,0,0,1,1,1
case-00454,1,0,0,0,1
case-00455,1,0,0,0,1
case-00456,1,0,0,0,1
case-00457,1,0,0,0,1
case-00458,2,0,0,0,1
case-00459,0,0,1,1,1
case-00460,1,0,0,0,1
case-00461,1,0,0,0,1
case-00462,2,0,0,0,1
case-00463,0,0,1,1,1
case-00464,0,0,1,1,1
case-00465,0,0,1,1,1
case-00466,1,1,1,1,1
case-00467,1,1,1,1,1
case-00468,1,1,1,1,1
case-00469,1,1,1,1,1
case-00470,1,0,0,0,1
case-00471,0,0,1,1,1
case-00472,1,0,0,0,1
case-00473,1,1,1,1,1
case-00474,2,1,0,0,1
case-00475,1,1,1,1,1
case-00476,2,1,0,0,1
case-00477,0,0,1,1,1
case-00478,1,0,0,0,1
case-00479,1,0,0,0,1
case-00480,1,1,1,1,1
case-00481,1,1,1,1,1
case-00482,2,1,0,0,1
case-00483,2,1,0,0,1
case-00484,1,0,0,0,1
case-00485,1,0,0,0,1
case-00486,2,0,0,0,1
case-00487,1,1,1,1,1
case-00488,2,1,0,0,1
case-00489,2,1,0,0,1
case-00490,3,1,0,0,1
case-00491,1,1,1,1,1
case-00492,0,0,1,1,1
case-00493,1,1,1,1,1
case-00494,0,0,1,1,1
case-00495,1,1,1,1,1
case-00496,0,0,1,1,1
case-00497,1,1,1,1,1
case-00498,0,0,1,1,1
case-00499,1,1,1,1,1
case-00500,1,1,1,1,1
case-00501,0,0,1,1,1
case-00502,0,0,1,1,1
case-00503,1,1,1,1,1
case-00504,1,1,1,1,1
case-00505,1,1,1,1,1
case-00506,1,1,1,1,1
case-00507,2,1,0,0,1
case-00508,0,0,1,1,1
case-00509,1,1,1,1,1
case-00510,1,1,1,1,1
case-00511,2,1,0,0,1
case-00512,0,0,1,1,1
case-00513,0,0,1,1,1
case-00514,0,0,1,1,1
case-00515,1,1,1,1,1
case-00516,1,1,1,1,1
case-00517,1,1,1,1,1
case-00518,1,1,1,1,1
case-00519,1,1,1,1,1
case-00520,0,0,1,1,1
case-00521,1,1,1,1,1
case-00522,1,1,1,1,1
case-00523,2,1,0,0,1
case-00524,1,1,1,1,1
case-00525,2,1,0,0,1
case-00526,0,0,1,1,1
case-00527,1,1,1,1,1
case-00528,1,1,1,1,1
case-00529,1,1,1,1,1
case-00530,1,1,1,1,1
case-00531,2,1,0,0,1
case-00532,2,1,0,0,1
case-00533,1,1,1,1,1
case-00534,1,1,1,1,1
case-00535,2,1,0,0,1
case-00536,1,1,1,1,1
case-00537,2,1,0,0,1
case-00538,2,1,0,0,1
case-00539,3,1,0,0,1
case-00540,1,1,1,1,1
case-00541,0,0,1,1,1
case-00542,1,1,1,1,1
case-00543,0,0,1,1,1
case-00544,1,1,1,1,1
case-00545,0,0,1,1,1
case-00546,1,1,1,1,1
case-00547,0,0,1,1,1
case-00548,1,1,1,1,1
case-00549,1,1,1,1,1
case-00550,0,0,1,1,1
case-00551,0,0,1,1,1
case-00552,1,1,1,1,1
case-00553,1,1,1,1,1
case-00554,1,1,1,1,1
case-00555,1,1,1,1,1
case-00556,2,1,0,0,1
case-00557,0,0,1,1,1
case-00558,1,1,1,1,1
case-00559,1,1,1,1,1
case-00560,2,1,0,0,1
case-00561,0,0,1,1,1
case-00562,0,0,1,1,1
case-00563,0,0,1,1,1
case-00564,1,1,1,1,1
case-00565,1,1,1,1,1
case-00566,1,1,1,1,1
case-00567,1,1,1,1,1
case-00568,1,1,1,1,1
case-00569,0,0,1,1,1
case-00570,1,1,1,1,1
case-00571,1,1,1,1,1
case-00572,2,2,1,1,1
case-00573,1,1,1,1,1
case-00574,2,2,1,1,1
case-00575,0,0,1,1,1
case-00576,1,1,1,1,1
case-00577,1,1,1,1,1
case-00578,1,1,1,1,1
case-00579,1,1,1,1,1
case-00580,2,2,1,1,1
case-00581,2,2,1,1,1
case-00582,1,1,1,1,1
case-00583,1,1,1,1,1
case-00584,2,1,0,0,1
case-00585,1,1,1,1,1
case-00586,2,2,1,1,1
case-00587,2,2,1,1,1
case-00588,3,2,0,0,1
case-00589,1,0,0,0,1
case-00590,0,0,1,1,1
case-00591,1,0,0,0,1
case-00592,0,0,1,1,1
case-00593,1,0,0,0,1
case-00594,0,0,1,1,1
case-00595,1,0,0,0,1
case-00596,0,0,1,1,1
case-00597,1,0,0,0,1
case-00598,1,0,0,0,1
case-00599,0,0,1,1,1
case-00600,0,0,1,1,1
case-00601,1,0,0,0,1
case-00602,1,0,0,0,1
case-00603,1,0,0,0,1
case-00604,1,0,0,0,1
case-00605,2,0,0,0,1
case-00606,0,0,1,1,1
case-00607,1,0,0,0,1
case-00608,1,0,0,0,1
case-00609,2,0,0,0,1
case-00610,0,0,1,1,1
case-00611,0,0,1,1,1
case-00612,0,0,1,1,1
case-00613,1,0,0,0,1
case-00614,1,0,0,0,1
case-00615,1,0,0,0,1
case-00616,1,0,0,0,1
case-00617,1,0,0,0,1
case-00618,0,0,1,1,1
case-00619,1,0,0,0,1
case-00620,1,0,0,0,1
case-00621,2,0,0,0,1
case-00622,1,0,0,0,1
case-00623,2,0,0,0,1
case-00624,0,0,1,1,1
case-00625,1,0,0,0,1
case-00626,1,0,0,0,1
case-00627,1,0,0,0,1
case-00628,1,0,0,0,1
case-00629,2,0,0,0,1
case-00630,2,0,0,0,1
case-00631,1,0,0,0,1
case-00632,1,0,0,0,1
case-00633,2,0,0,0,1
case-00634,1,0,0,0,1
case-00635,2,0,0,0,1
case-00636,2,0,0,0,1
case-00637,3,0,0,0,1
case-00638,1,0,0,0,1
case-00639,0,0,1,1,1
case-00640,1,0,0,0,1
case-00641,0,0,1,1,1
case-00642,1,0,0,0,1
case-00643,0,0,1,1,1
case-00644,1,0,0,0,1
case-00645,0,0,1,1,1
case-00646,1,1,1,1,1
case-00647,1,1,1,1,1
case-00648,0,0,1,1,1
case-00649,0,0,1,1,1
case-00650,1,1,1,1,1
case-00651,1,1,1,1,1
case-00652,1,0,0,0,1
case-00653,1,1,1,1,1
case-00654,2,1,0,0,1
case-00655,0,0,1,1,1
case-00656,1,0,0,0,1
case-00657,1,1,1,1,1
case-00658,2,1,0,0,1
case-00659,0,0,1,1,1
case-00660,0,0,1,1,1
case-00661,0,0,1,1,1
case-00662,1,0,0,0,1
case-00663,1,0,0,0,1
case-00664,1,0,0,0,1
case-00665,1,0,0,0,1
case-00666,1,0,0,0,1
case-00667,0,0,1,1,1
case-00668,1,0,0,0,1
case-00669,1,0,0,0,1
case-00670,2,0,0,0,1
case-00671,1,0,0,0,1
case-00672,2,0,0,0,1
case-00673,0,0,1,1,1
case-00674,1,1,1,1,1
case-00675,1,1,1,1,1
case-00676,1,0,0,0,1
case-00677,1,0,0,0,1
case-00678,2,1,0,0,1
case-00679,2,1,0,0,1
case-00680,1,0,0,0,1
case-00681,1,1,1,1,1
case-00682,2,1,0,0,1
case-00683,1,0,0,0,1
case-00684,2,0,0,0,1
case-00685,2,1,0,0,1
case-00686,3,1,0,0,1
case-00687,1,1,1,1,1
case-00688,0,0,1,1,1
case-00689,1,1,1,1,1
case-00690,0,0,1,1,1
case-00691,1,1,1,1,1
case-00692,0,0,1,1,1
case-00693,1,1,1,1,1
case-00694,0,0,1,1,1
case-00695,1,0,0,0,1
case-00696,1,0,0,0,1
case-00697,0,0,1,1,1
case-00698,0,0,1,1,1
case-00699,1,0,0,0,1
case-00700,1,0,0,0,1
case-00701,1,1,1,1,1
case-00702,1,0,0,0,1
case-00703,2,1,0,0,1
case-00704,0,0,1,1,1
case-00705,1,1,1,1,1
case-00706,1,0,0,0,1
case-00707,2,1,0,0,1
case-00708,0,0,1,1,1
case-00709,0,0,1,1,1
case-00710,0,0,1,1,1
case-00711,1,1,1,1,1
case-00712,1,1,1,1,1
case-00713,1,1,1,1,1
case-00714,1,1,1,1,1
case-00715,1,1,1,1,1
case-00716,0,0,1,1,1
case-00717,1,1,1,1,1
case-00718,1,1,1,1,1
case-00719,2,1,0,0,1
case-00720,1,1,1,1,1
case-00721,2,1,0,0,1
case-00722,0,0,1,1,1
case-00723,1,0,0,0,1
case-00724,1,0,0,0,1
case-00725,1,1,1,1,1
case-00726,1,1,1,1,1
case-00727,2,1,0,0,1
case-00728,2,1,0,0,1
case-00729,1,1,1,1,1
case-00730,1,0,0,0,1
case-00731,2,1,0,0,1
case-00732,1,1,1,1,1
case-00733,2,1,0,0,1
case-00734,2,1,0,0,1
case-00735,3,1,0,0,1
case-00736,1,1,1,1,1
case-00737,0,0,1,1,1
case-00738,1,1,1,1,1
case-00739,0,0,1,1,1
case-00740,1,1,1,1,1
case-00741,0,0,1,1,1
case-00742,1,1,1,1,1
case-00743,0,0,1,1,1
case-00744,1,1,1,1,1
case-00745,1,1,1,1,1
case-00746,0,0,1,1,1
case-00747,0,0,1,1,1
case-00748,1,1,1,1,1
case-00749,1,1,1,1,1
case-00750,1,1,1,1,1
case-00751,1,1,1,1,1
case-00752,2,2,1,1,1
case-00753,0,0,1,1,1
case-00754,1,1,1,1,1
case-00755,1,1,1,1,1
case-00756,2,2,1,1,1
case-00757,0,0,1,1,1
case-00758,0,0,1,1,1
case-00759,0,0,1,1,1
case-00760,1,1,1,1,1
case-00761,1,1,1,1,1
case-00762,1,1,1,1,1
case-00763,1,1,1,1,1
case-00764,1,1,1,1,1
case-00765,0,0,1,1,1
case-00766,1,1,1,1,1
case-00767,1,1,1,1,1
case-00768,2,1,0,0,1
case-00769,1,1,1,1,1
case-00770,2,1,0,0,1
case-00771,0,0,1,1,1
case-00772,1,1,1,1,1
case-00773,1,1,1,1,1
case-00774,1,1,1,1,1
case-00775,1,1,1,1,1
case-00776,2,2,1,1,1
case-00777,2,2,1,1,1
case-00778,1,1,1,1,1
case-00779,1,1,1,1,1
case-00780,2,2,1,1,1
case-00781,1,1,1,1,1
case-00782,2,1,0,0,1
case-00783,2,2,1,1,1
case-00784,3,2,0,0,1
case-00785,1,0,0,0,1
case-00786,0,0,1,1,1
case-00787,1,0,0,0,1
case-00788,0,0,1,1,1
case-00789,1,0,0,0,1
case-00790,0,0,1,1,1
case-00791,1,0,0,0,1
case-00792,0,0,1,1,1
case-00793,1,0,0,0,1
case-00794,1,0,0,0,1
case-00795,0,0,1,1,1
case-00796,0,0,1,1,1
case-00797,1,0,0,0,1
case-00798,1,0,0,0,1
case-00799,1,0,0,0,1
case-00800,1,0,0,0,1
case-00801,2,0,0,0,1
case-00802,0,0,1,1,1
case-00803,1,0,0,0,1
case-00804,1,0,0,0,1
case-00805,2,0,0,0,1
case-00806,0,0,1,1,1
case-00807,0,0,1,1,1
case-00808,0,0,1,1,1
case-00809,1,0,0,0,1
case-00810,1,0,0,0,1
case-00811,1,0,0,0,1
case-00812,1,0,0,0,1
case-00813,1,0,0,0,1
case-00814,0,0,1,1,1
case-00815,1,0,0,0,1
case-00816,1,0,0,0,1
case-00817,2,0,0,0,1
case-00818,1,0,0,0,1
case-00819,2,0,0,0,1
case-00820,0,0,1,1,1
case-00821,1,0,0,0,1
case-00822,1,0,0,0,1
case-00823,1,0,0,0,1
case-00824,1,0,0,0,1
case-00825,2,0,0,0,1
case-00826,2,0,0,0,1
case-00827,1,0,0,0,1
case-00828,1,0,0,0,1
case-00829,2,0,0,0,1
case-00830,1,0,0,0,1
case-00831,2,0,0,0,1
case-00832,2,0,0,0,1
case-00833,3,0,0,0,1
case-00834,1,0,0,0,1
case-00835,0,0,1,1,1
case-00836,1,0,0,0,1
case-00837,0,0,1,1,1
case-00838,1,0,0,0,1
case-00839,0,0,1,1,1
case-00840,1,0,0,0,1
case-00841,0,0,1,1,1
case-00842,1,1,1,1,1
case-00843,1,1,1,1,1
case-00844,0,0,1,1,1
case-00845,0,0,1,1,1
case-00846,1,1,1,1,1
case-00847,1,1,1,1,1
case-00848,1,0,0,0,1
case-00849,1,1,1,1,1
case-00850,2,1,0,0,1
case-00851,0,0,1,1,1
case-00852,1,0,0,0,1
case-00853,1,1,1,1,1
case-00854,2,1,0,0,1
case-00855,0,0,1,1,1
case-00856,0,0,1,1,1
case-00857,0,0,1,1,1
case-00858,1,1,1,1,1
case-00859,1,1,1,1,1
case-00860,1,1,1,1,1
case-00861,1,1,1,1,1
case-00862,1,0,0,0,1
case-00863,0,0,1,1,1
case-00864,1,0,0,0,1
case-00865,1,1,1,1,1
case-00866,2,1,0,0,1
case-00867,1,1,1,1,1
case-00868,2,1,0,0,1
case-00869,0,0,1,1,1
case-00870,1,1,1,1,1
case-00871,1,1,1,1,1
case-00872,1,1,1,1,1
case-00873,1,1,1,1,1
case-00874,2,1,0,0,1
case-00875,2,1,0,0,1
case-00876,1,0,0,0,1
case-00877,1,1,1,1,1
case-00878,2,1,0,0,1
case-00879,1,1,1,1,1
case-00880,2,1,0,0,1
case-00881,2,1,0,0,1
case-00882,3,1,0,0,1
case-00883,1,1,1,1,1
case-00884,0,0,1,1,1
case-00885,1,1,1,1,1
case-00886,0,0,1,1,1
case-00887,1,1,1,1,1
case-00888,0,0,1,1,1
case-00889,1,1,1,1,1
case-00890,0,0,1,1,1
case-00891,1,0,0,0,1
case-00892,1,0,0,0,1
case-00893,0,0,1,1,1
case-00894,0,0,1,1,1
case-00895,1,0,0,0,1
case-00896,1,0,0,0,1
case-00897,1,1,1,1,1
case-00898,1,0,0,0,1
case-00899,2,1,0,0,1
case-00900,0,0,1,1,1
case-00901,1,1,1,1,1
case-00902,1,0,0,0,1
case-00903,2,1,0,0,1
case-00904,0,0,1,1,1
case-00905,0,0,1,1,1
case-00906,0,0,1,1,1
case-00907,1,0,0,0,1
case-00908,1,0,0,0,1
case-00909,1,0,0,0,1
case-00910,1,0,0,0,1
case-00911,1,1,1,1,1
case-00912,0,0,1,1,1
case-00913,1,1,1,1,1
case-00914,1,0,0,0,1
case-00915,2,1,0,0,1
case-00916,1,0,0,0,1
case-00917,2,1,0,0,1
case-00918,0,0,1,1,1
case-00919,1,0,0,0,1
case-00920,1,0,0,0,1
case-00921,1,0,0,0,1
case-00922,1,0,0,0,1
case-00923,2,0,0,0,1
case-00924,2,0,0,0,1
case-00925,1,1,1,1,1
case-00926,1,0,0,0,1
case-00927,2,1,0,0,1
case-00928,1,0,0,0,1
case-00929,2,1,0,0,1
case-00930,2,0,0,0,1
case-00931,3,1,0,0,1
case-00932,1,1,1,1,1
case-00933,0,0,1,1,1
case-00934,1,1,1,1,1
case-00935,0,0,1,1,1
case-00936,1,1,1,1,1
case-00937,0,0,1,1,1
case-00938,1,1,1,1,1
case-00939,0,0,1,1,1
case-00940,1,1,1,1,1
case-00941,1,1,1,1,1
case-00942,0,0,1,1,1
case-00943,0,0,1,1,1
case-00944,1,1,1,1,1
case-00945,1,1,1,1,1
case-00946,1,1,1,1,1
case-00947,1,1,1,1,1
case-00948,2,2,1,1,1
case-00949,0,0,1,1,1
case-00950,1,1,1,1,1
case-00951,1,1,1,1,1
case-00952,2,2,1,1,1
case-00953,0,0,1,1,1
case-00954,0,0,1,1,1
case-00955,0,0,1,1,1
case-00956,1,1,1,1,1
case-00957,1,1,1,1,1
case-00958,1,1,1,1,1
case-00959,1,1,1,1,1
case-00960,1,1,1,1,1
case-00961,0,0,1,1,1
case-00962,1,1,1,1,1
case-00963,1,1,1,1,1
case-00964,2,2,1,1,1
case-00965,1,1,1,1,1
case-00966,2,2,1,1,1
case-00967,0,0,1,1,1
case-00968,1,1,1,1,1
case-00969,1,1,1,1,1
case-00970,1,1,1,1,1
case-00971,1,1,1,1,1
case-00972,2,1,0,0,1
case-00973,2,1,0,0,1
case-00974,1,1,1,1,1
case-00975,1,1,1,1,1
case-00976,2,2,1,1,1
case-00977,1,1,1,1,1
case-00978,2,2,1,1,1
case-00979,2,1,0,0,1
case-00980,3,2,0,0,1
case-00981,1,0,0,0,1
case-00982,0,0,1,1,1
case-00983,1,0,0,0,1
case-00984,0,0,1,1,1
case-00985,1,0,0,0,1
case-00986,0,0,1,1,1
case-00987,1,0,0,0,1
case-00988,0,0,1,1,1
case-00989,1,0,0,0,1
case-00990,1,0,0,0,1
case-00991,0,0,1,1,1
case-00992,0,0,1,1,1
case-00993,1,0,0,0,1
case-00994,1,0,0,0,1
case-00995,1,0,0,0,1
case-00996,1,0,0,0,1
case-00997,2,0,0,0,1
case-00998,0,0,1,1,1
case-00999,1,0,0,0,1
case-01000,1,0,0,0,1
case-01001,2,0,0,0,1
case-01002,0,0,1,1,1
case-01003,0,0,1,1,1
case-01004,0,0,1,1,1
case-01005,1,0,0,0,1
case-01006,1,0,0,0,1
case-01007,1,0,0,0,1
case-01008,1,0,0,0,1
case-01009,1,0,0,0,1
case-01010,0,0,1,1,1
case-01011,1,0,0,0,1
case-01012,1,0,0,0,1
case-01013,2,0,0,0,1
case-01014,1,0,0,0,1
case-01015,2,0,0,0,1
case-01016,0,0,1,1,1
case-01017,1,0,0,0,1
case-01018,1,0,0,0,1
case-01019,1,0,0,0,1
case-01020,1,0,0,0,1
case-01021,2,0,0,0,1
case-01022,2,0,0,0,1
case-01023,1,0,0,0,1
case-01024,1,0,0,0,1
case-01025,2,0,0,0,1
case-01026,1,0,0,0,1
case-01027,2,0,0,0,1
case-01028,2,0,0,0,1
case-01029,3,0,0,0,1
case-01030,1,0,0,0,1
case-01031,0,0,1,1,1
case-01032,1,0,0,0,1
case-01033,0,0,1,1,1
case-01034,1,0,0,0,1
case-01035,0,0,1,1,1
case-01036,1,0,0,0,1
case-01037,0,0,1,1,1
case-01038,1,1,1,1,1
case-01039,1,1,1,1,1
case-01040,0,0,1,1,1
case-01041,0,0,1,1,1
case-01042,1,1,1,1,1
case-01043,1,1,1,1,1
case-01044,1,0,0,0,1
case-01045,1,1,1,1,1
case-01046,2,1,0,0,1
case-01047,0,0,1,1,1
case-01048,1,0,0,0,1
case-01049,1,1,1,1,1
case-01050,2,1,0,0,1
case-01051,0,0,1,1,1
case-01052,0,0,1,1,1
case-01053,0,0,1,1,1
case-01054,1,1,1,1,1
case-01055,1,1,1,1,1
case-01056,1,1,1,1,1
case-01057,1,1,1,1,1
case-01058,1,0,0,0,1
case-01059,0,0,1,1,1
case-01060,1,0,0,0,1
case-01061,1,1,1,1,1
case-01062,2,1,0,0,1
case-01063,1,1,1,1,1
case-01064,2,1,0,0,1
case-01065,0,0,1,1,1
case-01066,1,1,1,1,1
case-01067,1,1,1,1,1
case-01068,1,1,1,1,1
case-01069,1,1,1,1,1
case-01070,2,1,0,0,1
case-01071,2,1,0,0,1
case-01072,1,0,0,0,1
case-01073,1,1,1,1,1
case-01074,2,1,0,0,1
case-01075,1,1,1,1,1
case-01076,2,1,0,0,1
case-01077,2,1,0,0,1
case-01078,3,1,0,0,1
case-01079,1,1,1,1,1
case-01080,0,0,1,1,1
case-01081,1,1,1,1,1
case-01082,0,0,1,1,1
case-01083,1,1,1,1,1
case-01084,0,0,1,1,1
case-01085,1,1,1,1,1
case-01086,0,0,1,1,1
case-01087,1,0,0,0,1
case-01088,1,0,0,0,1
case-01089,0,0,1,1,1
case-01090,0,0,1,1,1
case-01091,1,0,0,0,1
case-01092,1,0,0,0,1
case-01093,1,1,1,1,1
case-01094,1,0,0,0,1
case-01095,2,1,0,0,1
case-01096,0,0,1,1,1
case-01097,1,1,1,1,1
case-01098,1,0,0,0,1
case-01099,2,1,0,0,1
case-01100,0,0,1,1,1
case-01101,0,0,1,1,1
case-01102,0,0,1,1,1
case-01103,1,1,1,1,1
case-01104,1,1,1,1,1
case-01105,1,1,1,1,1
case-01106,1,1,1,1,1
case-01107,1,1,1,1,1
case-01108,0,0,1,1,1
case-01109,1,1,1,1,1
case-01110,1,1,1,1,1
case-01111,2,1,0,0,1
case-01112,1,1,1,1,1
case-01113,2,1,0,0,1
case-01114,0,0,1,1,1
case-01115,1,0,0,0,1
case-01116,1,0,0,0,1
case-01117,1,1,1,1,1
case-01118,1,1,1,1,1
case-01119,2,1,0,0,1
case-01120,2,1,0,0,1
case-01121,1,1,1,1,1
case-01122,1,0,0,0,1
case-01123,2,1,0,0,1
case-01124,1,1,1,1,1
case-01125,2,1,0,0,1
case-01126,2,1,0,0,1
case-01127,3,1,0,0,1
case-01128,1,1,1,1,1
case-01129,0,0,1,1,1
case-01130,1,1,1,1,1
case-01131,0,0,1,1,1
case-01132,1,1,1,1,1
case-01133,0,0,1,1,1
case-01134,1,1,1,1,1
case-01135,0,0,1,1,1
case-01136,1,1,1,1,1
case-01137,1,1,1,1,1
case-01138,0,0,1,1,1
case-01139,0,0,1,1,1
case-01140,1,1,1,1,1
case-01141,1,1,1,1,1
case-01142,1,1,1,1,1
case-01143,1,1,1,1,1
case-01144,2,2,1,1,1
case-01145,0,0,1,1,1
case-01146,1,1,1,1,1
case-01147,1,1,1,1,1
case-01148,2,2,1,1,1
case-01149,0,0,1,1,1
case-01150,0,0,1,1,1
case-01151,0,0,1,1,1
case-01152,1,1,1,1,1
case-01153,1,1,1,1,1
case-01154,1,1,1,1,1
case-01155,1,1,1,1,1
case-01156,1,1,1,1,1
case-01157,0,0,1,1,1
case-01158,1,1,1,1,1
case-01159,1,1,1,1,1
case-01160,2,2,1,1,1
case-01161,1,1,1,1,1
case-01162,2,2,1,1,1
case-01163,0,0,1,1,1
case-01164,1,1,1,1,1
case-01165,1,1,1,1,1
case-01166,1,1,1,1,1
case-01167,1,1,1,1,1
case-01168,2,2,1,1,1
case-01169,2,2,1,1,1
case-01170,1,1,1,1,1
case-01171,1,1,1,1,1
case-01172,2,2,1,1,1
case-01173,1,1,1,1,1
case-01174,2,2,1,1,1
case-01175,2,2,1,1,1
case-01176,3,2,0,0,1
case-01177,1,0,0,0,1
case-01178,0,0,1,1,1
case-01179,1,0,0,0,1
case-01180,0,0,1,1,1
case-01181,1,0,0,0,1
case-01182,0,0,1,1,1
case-01183,1,0,0,0,1
case-01184,0,0,1,1,1
case-01185,1,0,0,0,1
case-01186,1,0,0,0,1
case-01187,0,0,1,1,1
case-01188,0,0,1,1,1
case-01189,1,0,0,0,1
case-01190,1,0,0,0,1
case-01191,1,0,0,0,1
case-01192,1,0,0,0,1
case-01193,2,0,0,0,1
case-01194,0,0,1,1,1
case-01195,1,0,0,0,1
case-01196,1,0,0,0,1
case-01197,2,0,0,0,1
case-01198,0,0,1,1,1
case-01199,0,0,1,1,1
case-01200,0,0,1,1,1
case-01201,1,0,0,0,1
case-01202,1,0,0,0,1
case-01203,1,0,0,0,1
case-01204,1,0,0,0,1
case-01205,1,0,0,0,1
case-01206,0,0,1,1,1
case-01207,1,0,0,0,1
case-01208,1,0,0,0,1
case-01209,2,0,0,0,1
case-01210,1,0,0,0,1
case-01211,2,0,0,0,1
case-01212,0,0,1,1,1
case-01213,1,0,0,0,1
case-01214,1,0,0,0,1
case-01215,1,0,0,0,1
case-01216,1,0,0,0,1
case-01217,2,0,0,0,1
case-01218,2,0,0,0,1
case-01219,1,0,0,0,1
case-01220,1,0,0,0,1
case-01221,2,0,0,0,1
case-01222,1,0,0,0,1
case-01223,2,0,0,0,1
case-01224,2,0,0,0,1
case-01225,3,0,0,0,1
case-01226,1,0,0,0,1
case-01227,0,0,1,1,1
case-01228,1,0,0,0,1
case-01229,0,0,1,1,1
case-01230,1,0,0,0,1
case-01231,0,0,1,1,1
case-01232,1,0,0,0,1
case-01233,0,0,1,1,1
case-01234,1,1,1,1,1
case-01235,1,1,1,1,1
case-01236,0,0,1,1,1
case-01237,0,0,1,1,1
case-01238,1,1,1,1,1
case-01239,1,1,1,1,1
case-01240,1,0,0,0,1
case-01241,1,1,1,1,1
case-01242,2,1,0,0,1
case-01243,0,0,1,1,1
case-01244,1,0,0,0,1
case-01245,1,1,1,1,1
case-01246,2,1,0,0,1
case-01247,0,0,1,1,1
case-01248,0,0,1,1,1
case-01249,0,0,1,1,1
case-01250,1,0,0,0,1
case-01251,1,0,0,0,1
case-01252,1,0,0,0,1
case-01253,1,0,0,0,1
case-01254,1,0,0,0,1
case-01255,0,0,1,1,1
case-01256,1,0,0,0,1
case-01257,1,0,0,0,1
case-01258,2,0,0,0,1
case-01259,1,0,0,0,1
case-01260,2,0,0,0,1
case-01261,0,0,1,1,1
case-01262,1,1,1,1,1
case-01263,1,1,1,1,1
case-01264,1,0,0,0,1
case-01265,1,0,0,0,1
case-01266,2,1,0,0,1
case-01267,2,1,0,0,1
case-01268,1,0,0,0,1
case-01269,1,1,1,1,1
case-01270,2,1,0,0,1
case-01271,1,0,0,0,1
case-01272,2,0,0,0,1
case-01273,2,1,0,0,1
case-01274,3,1,0,0,1
case-01275,1,1,1,1,1
case-01276,0,0,1,1,1
case-01277,1,1,1,1,1
case-01278,0,0,1,1,1
case-01279,1,1,1,1,1
case-01280,0,0,1,1,1
case-01281,1,1,1,1,1
case-01282,0,0,1,1,1
case-01283,1,1,1,1,1
case-01284,1,1,1,1,1
case-01285,0,0,1,1,1
case-01286,0,0,1,1,1
case-01287,1,1,1,1,1
case-01288,1,1,1,1,1
case-01289,1,1,1,1,1
case-01290,1,1,1,1,1
case-01291,2,1,0,0,1
case-01292,0,0,1,1,1
case-01293,1,1,1,1,1
case-01294,1,1,1,1,1
case-01295,2,1,0,0,1
case-01296,0,0,1,1,1
case-01297,0,0,1,1,1
case-01298,0,0,1,1,1
case-01299,1,1,1,1,1
case-01300,1,1,1,1,1
case-01301,1,1,1,1,1
case-01302,1,1,1,1,1
case-01303,1,1,1,1,1
case-01304,0,0,1,1,1
case-01305,1,1,1,1,1
case-01306,1,1,1,1,1
case-01307,2,1,0,0,1
case-01308,1,1,1,1,1
case-01309,2,1,0,0,1
case-01310,0,0,1,1,1
case-01311,1,1,1,1,1
case-01312,1,1,1,1,1
case-01313,1,1,1,1,1
case-01314,1,1,1,1,1
case-01315,2,1,0,0,1
case-01316,2,1,0,0,1
case-01317,1,1,1,1,1
case-01318,1,1,1,1,1
case-01319,2,1,0,0,1
case-01320,1,1,1,1,1
case-01321,2,1,0,0,1
case-01322,2,1,0,0,1
case-01323,3,1,0,0,1
case-01324,1,1,1,1,1
case-01325,0,0,1,1,1
case-01326,1,1,1,1,1
case-01327,0,0,1,1,1
case-01328,1,1,1,1,1
case-01329,0,0,1,1,1
case-01330,1,1,1,1,1
case-01331,0,0,1,1,1
case-01332,1,1,1,1,1
case-01333,1,1,1,1,1
case-01334,0,0,1,1,1
case-01335,0,0,1,1,1
case-01336,1,1,1,1,1
case-01337,1,1,1,1,1
case-01338,1,1,1,1,1
case-01339,1,1,1,1,1
case-01340,2,2,1,1,1
case-01341,0,0,1,1,1
case-01342,1,1,1,1,1
case-01343,1,1,1,1,1
case-01344,2,2,1,1,1
case-01345,0,0,1,1,1
case-01346,0,0,1,1,1
case-01347,0,0,1,1,1
case-01348,1,1,1,1,1
case-01349,1,1,1,1,1
case-01350,1,1,1,1,1
case-01351,1,1,1,1,1
case-01352,1,1,1,1,1
case-01353,0,0,1,1,1
case-01354,1,1,1,1,1
case-01355,1,1,1,1,1
case-01356,2,1,0,0,1
case-01357,1,1,1,1,1
case-01358,2,1,0,0,1
case-01359,0,0,1,1,1
case-01360,1,1,1,1,1
case-01361,1,1,1,1,1
case-01362,1,1,1,1,1
case-01363,1,1,1,1,1
case-01364,2,2,1,1,1
case-01365,2,2,1,1,1
case-01366,1,1,1,1,1
case-01367,1,1,1,1,1
case-01368,2,2,1,1,1
case-01369,1,1,1,1,1
case-01370,2,1,0,0,1
case-01371,2,2,1,1,1
case-01372,3,2,0,0,1
case-01373,1,0,0,0,1
case-01374,0,0,1,1,1
case-01375,1,0,0,0,1
case-01376,0,0,1,1,1
case-01377,1,0,0,0,1
case-01378,0,0,1,1,1
case-01379,1,0,0,0,1
case-01380,0,0,1,1,1
case-01381,1,0,0,0,1
case-01382,1,0,0,0,1
case-01383,0,0,1,1,1
case-01384,0,0,1,1,1
case-01385,1,0,0,0,1
case-01386,1,0,0,0,1
case-01387,1,0,0,0,1
case-01388,1,0,0,0,1
case-01389,2,0,0,0,1
case-01390,0,0,1,1,1
case-01391,1,0,0,0,1
case-01392,1,0,0,0,1
case-01393,2,0,0,0,1
case-01394,0,0,1,1,1
case-01395,0,0,1,1,1
case-01396,0,0,1,1,1
case-01397,1,0,0,0,1
case-01398,1,0,0,0,1
case-01399,1,0,0,0,1
case-01400,1,0,0,0,1
case-01401,1,0,0,0,1
case-01402,0,0,1,1,1
case-01403,1,0,0,0,1
case-01404,1,0,0,0,1
case-01405,2,0,0,0,1
case-01406,1,0,0,0,1
case-01407,2,0,0,0,1
case-01408,0,0,1,1,1
case-01409,1,0,0,0,1
case-01410,1,0,0,0,1
case-01411,1,0,0,0,1
case-01412,1,0,0,0,1
case-01413,2,0,0,0,1
case-01414,2,0,0,0,1
case-01415,1,0,0,0,1
case-01416,1,0,0,0,1
case-01417,2,0,0,0,1
case-01418,1,0,0,0,1
case-01419,2,0,0,0,1
case-01420,2,0,0,0,1
case-01421,3,0,0,0,1
case-01422,1,0,0,0,1
case-01423,0,0,1,1,1
case-01424,1,0,0,0,1
case-01425,0,0,1,1,1
case-01426,1,0,0,0,1
case-01427,0,0,1,1,1
case-01428,1,0,0,0,1
case-01429,0,0,1,1,1
case-01430,1,1,1,1,1
case-01431,1,1,1,1,1
case-01432,0,0,1,1,1
case-01433,0,0,1,1,1
case-01434,1,1,1,1,1
case-01435,1,1,1,1,1
case-01436,1,0,0,0,1
case-01437,1,1,1,1,1
case-01438,2,1,0,0,1
case-01439,0,0,1,1,1
case-01440,1,0,0,0,1
case-01441,1,1,1,1,1
case-01442,2,1,0,0,1
case-01443,0,0,1,1,1
case-01444,0,0,1,1,1
case-01445,0,0,1,1,1
case-01446,1,1,1,1,1
case-01447,1,1,1,1,1
case-01448,1,1,1,1,1
case-01449,1,1,1,1,1
case-01450,1,0,0,0,1
case-01451,0,0,1,1,1
case-01452,1,0,0,0,1
case-01453,1,1,1,1,1
case-01454,2,1,0,0,1
case-01455,1,1,1,1,1
case-01456,2,1,0,0,1
case-01457,0,0,1,1,1
case-01458,1,1,1,1,1
case-01459,1,1,1,1,1
case-01460,1,1,1,1,1
case-01461,1,1,1,1,1
case-01462,2,1,0,0,1
case-01463,2,1,0,0,1
case-01464,1,0,0,0,1
case-01465,1,1,1,1,1
case-01466,2,1,0,0,1
case-01467,1,1,1,1,1
case-01468,2,1,0,0,1
case-01469,2,1,0,0,1
case-01470,3,1,0,0,1
case-01471,1,1,1,1,1
case-01472,0,0,1,1,1
case-01473,1,1,1,1,1
case-01474,0,0,1,1,1
case-01475,1,1,1,1,1
case-01476,0,0,1,1,1
case-01477,1,1,1,1,1
case-01478,0,0,1,1,1
case-01479,1,1,1,1,1
case-01480,1,1,1,1,1
case-01481,0,0,1,1,1
case-01482,0,0,1,1,1
case-01483,1,1,1,1,1
case-01484,1,1,1,1,1
case-01485,1,1,1,1,1
case-01486,1,1,1,1,1
case-01487,2,1,0,0,1
case-01488,0,0,1,1,1
case-01489,1,1,1,1,1
case-01490,1,1,1,1,1
case-01491,2,1,0,0,1
case-01492,0,0,1,1,1
case-01493,0,0,1,1,1
case-01494,0,0,1,1,1
case-01495,1,0,0,0,1
case-01496,1,0,0,0,1
case-01497,1,0,0,0,1
case-01498,1,0,0,0,1
case-01499,1,1,1,1,1
case-01500,0,0,1,1,1
case-01501,1,1,1,1,1
case-01502,1,0,0,0,1
case-01503,2,1,0,0,1
case-01504,1,0,0,0,1
case-01505,2,1,0,0,1
case-01506,0,0,1,1,1
case-01507,1,1,1,1,1
case-01508,1,1,1,1,1
case-01509,1,0,0,0,1
case-01510,1,0,0,0,1
case-01511,2,1,0,0,1
case-01512,2,1,0,0,1
case-01513,1,1,1,1,1
case-01514,1,1,1,1,1
case-01515,2,1,0,0,1
case-01516,1,0,0,0,1
case-01517,2,1,0,0,1
case-01518,2,1,0,0,1
case-01519,3,1,0,0,1
case-01520,1,1,1,1,1
case-01521,0,0,1,1,1
case-01522,1,1,1,1,1
case-01523,0,0,1,1,1
case-01524,1,1,1,1,1
case-01525,0,0,1,1,1
case-01526,1,1,1,1,1
case-01527,0,0,1,1,1
case-01528,1,1,1,1,1
case-01529,1,1,1,1,1
case-01530,0,0,1,1,1
case-01531,0,0,1,1,1
case-01532,1,1,1,1,1
case-01533,1,1,1,1,1
case-01534,1,1,1,1,1
case-01535,1,1,1,1,1
case-01536,2,2,1,1,1
case-01537,0,0,1,1,1
case-01538,1,1,1,1,1
case-01539,1,1,1,1,1
case-01540,2,2,1,1,1
case-01541,0,0,1,1,1
case-01542,0,0,1,1,1
case-01543,0,0,1,1,1
case-01544,1,1,1,1,1
case-01545,1,1,1,1,1
case-01546,1,1,1,1,1
case-01547,1,1,1,1,1
case-01548,1,1,1,1,1
case-01549,0,0,1,1,1
case-01550,1,1,1,1,1
case-01551,1,1,1,1,1
case-01552,2,2,1,1,1
case-01553,1,1,1,1,1
case-01554,2,2,1,1,1
case-01555,0,0,1,1,1
case-01556,1,1,1,1,1
case-01557,1,1,1,1,1
case-01558,1,1,1,1,1
case-01559,1,1,1,1,1
case-01560,2,2,1,1,1
case-01561,2,2,1,1,1
case-01562,1,1,1,1,1
case-01563,1,1,1,1,1
case-01564,2,2,1,1,1
case-01565,1,1,1,1,1
case-01566,2,2,1,1,1
case-01567,2,2,1,1,1
case-01568,3,2,0,0,1
case-01569,1,0,0,0,1
case-01570,0,0,1,1,1
case-01571,1,0,0,0,1
case-01572,0,0,1,1,1
case-01573,1,0,0,0,1
case-01574,0,0,1,1,1
case-01575,1,0,0,0,1
case-01576,0,0,1,1,1
case-01577,1,0,0,0,1
case-01578,1,0,0,0,1
case-01579,0,0,1,1,1
case-01580,0,0,1,1,1
case-01581,1,0,0,0,1
case-01582,1,0,0,0,1
case-01583,1,0,0,0,1
case-01584,1,0,0,0,1
case-01585,2,0,0,0,1
case-01586,0,0,1,1,1
case-01587,1,0,0,0,1
case-01588,1,0,0,0,1
case-01589,2,0,0,0,1
case-01590,0,0,1,1,1
case-01591,0,0,1,1,1
case-01592,0,0,1,1,1
case-01593,1,0,0,0,1
case-01594,1,0,0,0,1
case-01595,1,0,0,0,1
case-01596,1,0,0,0,1
case-01597,1,0,0,0,1
case-01598,0,0,1,1,1
case-01599,1,0,0,0,1
case-01600,1,0,0,0,1
case-01601,2,0,0,0,1
case-01602,1,0,0,0,1
case-01603,2,0,0,0,1
case-01604,0,0,1,1,1
case-01605,1,0,0,0,1
case-01606,1,0,0,0,1
case-01607,1,0,0,0,1
case-01608,1,0,0,0,1
case-01609,2,0,0,0,1
case-01610,2,0,0,0,1
case-01611,1,0,0,0,1
case-01612,1,0,0,0,1
case-01613,2,0,0,0,1
case-01614,1,0,0,0,1
case-01615,2,0,0,0,1
case-01616,2,0,0,0,1
case-01617,3,0,0,0,1
case-01618,1,0,0,0,1
case-01619,0,0,1,1,1
case-01620,1,0,0,0,1
case-01621,0,0,1,1,1
case-01622,1,0,0,0,1
case-01623,0,0,1,1,1
case-01624,1,0,0,0,1
case-01625,0,0,1,1,1
case-01626,1,1,1,1,1
case-01627,1,1,1,1,1
case-01628,0,0,1,1,1
case-01629,0,0,1,1,1
case-01630,1,1,1,1,1
case-01631,1,1,1,1,1
case-01632,1,0,0,0,1
case-01633,1,1,1,1,1
case-01634,2,1,0,0,1
case-01635,0,0,1,1,1
case-01636,1,0,0,0,1
case-01637,1,1,1,1,1
case-01638,2,1,0,0,1
case-01639,0,0,1,1,1
case-01640,0,0,1,1,1
case-01641,0,0,1,1,1
case-01642,1,1,1,1,1
case-01643,1,1,1,1,1
case-01644,1,1,1,1,1
case-01645,1,1,1,1,1
case-01646,1,0,0,0,1
case-01647,0,0,1,1,1
case-01648,1,0,0,0,1
case-01649,1,1,1,1,1
case-01650,2,1,0,0,1
case-01651,1,1,1,1,1
case-01652,2,1,0,0,1
case-01653,0,0,1,1,1
case-01654,1,1,1,1,1
case-01655,1,1,1,1,1
case-01656,1,1,1,1,1
case-01657,1,1,1,1,1
case-01658,2,1,0,0,1
case-01659,2,1,0,0,1
case-01660,1,0,0,0,1
case-01661,1,1,1,1,1
case-01662,2,1,0,0,1
case-01663,1,1,1,1,1
case-01664,2,1,0,0,1
case-01665,2,1,0,0,1
case-01666,3,1,0,0,1
case-01667,1,1,1,1,1
case-01668,0,0,1,1,1
case-01669,1,1,1,1,1
case-01670,0,0,1,1,1
case-01671,1,1,1,1,1
case-01672,0,0,1,1,1
case-01673,1,1,1,1,1
case-01674,0,0,1,1,1
case-01675,1,1,1,1,1
case-01676,1,1,1,1,1
case-01677,0,0,1,1,1
case-01678,0,0,1,1,1
case-01679,1,1,1,1,1
case-01680,1,1,1,1,1
case-01681,1,1,1,1,1
case-01682,1,1,1,1,1
case-01683,2,1,0,0,1
case-01684,0,0,1,1,1
case-01685,1,1,1,1,1
case-01686,1,1,1,1,1
case-01687,2,1,0,0,1
case-01688,0,0,1,1,1
case-01689,0,0,1,1,1
case-01690,0,0,1,1,1
case-01691,1,1,1,1,1
case-01692,1,1,1,1,1
case-01693,1,1,1,1,1
case-01694,1,1,1,1,1
case-01695,1,1,1,1,1
case-01696,0,0,1,1,1
case-01697,1,1,1,1,1
case-01698,1,1,1,1,1
case-01699,2,1,0,0,1
case-01700,1,1,1,1,1
case-01701,2,1,0,0,1
case-01702,0,0,1,1,1
case-01703,1,1,1,1,1
case-01704,1,1,1,1,1
case-01705,1,1,1,1,1
case-01706,1,1,1,1,1
case-01707,2,1,0,0,1
case-01708,2,1,0,0,1
case-01709,1,1,1,1,1
case-01710,1,1,1,1,1
case-01711,2,1,0,0,1
case-01712,1,1,1,1,1
case-01713,2,1,0,0,1
case-01714,2,1,0,0,1
case-01715,3,1,0,0,1
case-01716,1,1,1,1,1
case-01717,0,0,1,1,1
case-01718,1,1,1,1,1
case-01719,0,0,1,1,1
case-01720,1,1,1,1,1
case-01721,0,0,1,1,1
case-01722,1,1,1,1,1
case-01723,0,0,1,1,1
case-01724,1,1,1,1,1
case-01725,1,1,1,1,1
case-01726,0,0,1,1,1
case-01727,0,0,1,1,1
case-01728,1,1,1,1,1
case-01729,1,1,1,1,1
case-01730,1,1,1,1,1
case-01731,1,1,1,1,1
case-01732,2,2,1,1,1
case-01733,0,0,1,1,1
case-01734,1,1,1,1,1
case-01735,1,1,1,1,1
case-01736,2,2,1,1,1
case-01737,0,0,1,1,1
case-01738,0,0,1,1,1
case-01739,0,0,1,1,1
case-01740,1,1,1,1,1
case-01741,1,1,1,1,1
case-01742,1,1,1,1,1
case-01743,1,1,1,1,1
case-01744,1,1,1,1,1
case-01745,0,0,1,1,1
case-01746,1,1,1,1,1
case-01747,1,1,1,1,1
case-01748,2,2,1,1,1
case-01749,1,1,1,1,1
case-01750,2,2,1,1,1
case-01751,0,0,1,1,1
case-01752,1,1,1,1,1
case-01753,1,1,1,1,1
case-01754,1,1,1,1,1
case-01755,1,1,1,1,1
case-01756,2,2,1,1,1
case-01757,2,2,1,1,1
case-01758,1,1,1,1,1
case-01759,1,1,1,1,1
case-01760,2,2,1,1,1
case-01761,1,1,1,1,1
case-01762,2,2,1,1,1
case-01763,2,2,1,1,1
case-01764,3,2,0,0,1
case-01765,1,0,0,0,1
case-01766,0,0,1,1,1
case-01767,1,0,0,0,1
case-01768,0,0,1,1,1
case-01769,1,0,0,0,1
case-01770,0,0,1,1,1
case-01771,1,0,0,0,1
case-01772,0,0,1,1,1
case-01773,1,0,0,0,1
case-01774,1,0,0,0,1
case-01775,0,0,1,1,1
case-01776,0,0,1,1,1
case-01777,1,0,0,0,1
case-01778,1,0,0,0,1
case-01779,1,0,0,0,1
case-01780,1,0,0,0,1
case-01781,2,0,0,0,1
case-01782,0,0,1,1,1
case-01783,1,0,0,0,1
case-01784,1,0,0,0,1
case-01785,2,0,0,0,1
case-01786,0,0,1,1,1
case-01787,0,0,1,1,1
case-01788,0,0,1,1,1
case-01789,1,0,0,0,1
case-01790,1,0,0,0,1
case-01791,1,0,0,0,1
case-01792,1,0,0,0,1
case-01793,1,0,0,0,1
case-01794,0,0,1,1,1
case-01795,1,0,0,0,1
case-01796,1,0,0,0,1
case-01797,2,0,0,0,1
case-01798,1,0,0,0,1
case-01799,2,0,0,0,1
case-01800,0,0,1,1,1
case-01801,1,0,0,0,1
case-01802,1,0,0,0,1
case-01803,1,0,0,0,1
case-01804,1,0,0,0,1
case-01805,2,0,0,0,1
case-01806,2,0,0,0,1
case-01807,1,0,0,0,1
case-01808,1,0,0,0,1
case-01809,2,0,0,0,1
case-01810,1,0,0,0,1
case-01811,2,0,0,0,1
case-01812,2,0,0,0,1
case-01813,3,0,0,0,1
case-01814,1,1,1,1,1
case-01815,0,0,1,1,1
case-01816,1,1,1,1,1
case-01817,0,0,1,1,1
case-01818,1,1,1,1,1
case-01819,0,0,1,1,1
case-01820,1,1,1,1,1
case-01821,0,0,1,1,1
case-01822,1,0,0,0,1
case-01823,1,0,0,0,1
case-01824,0,0,1,1,1
case-01825,0,0,1,1,1
case-01826,1,0,0,0,1
case-01827,1,0,0,0,1
case-01828,1,1,1,1,1
case-01829,1,0,0,0,1
case-01830,2,1,0,0,1
case-01831,0,0,1,1,1
case-01832,1,1,1,1,1
case-01833,1,0,0,0,1
case-01834,2,1,0,0,1
case-01835,0,0,1,1,1
case-01836,0,0,1,1,1
case-01837,0,0,1,1,1
case-01838,1,0,0,0,1
case-01839,1,0,0,0,1
case-01840,1,0,0,0,1
case-01841,1,0,0,0,1
case-01842,1,1,1,1,1
case-01843,0,0,1,1,1
case-01844,1,1,1,1,1
case-01845,1,0,0,0,1
case-01846,2,1,0,0,1
case-01847,1,0,0,0,1
case-01848,2,1,0,0,1
case-01849,0,0,1,1,1
case-01850,1,0,0,0,1
case-01851,1,0,0,0,1
case-01852,1,0,0,0,1
case-01853,1,0,0,0,1
case-01854,2,0,0,0,1
case-01855,2,0,0,0,1
case-01856,1,1,1,1,1
case-01857,1,0,0,0,1
case-01858,2,1,0,0,1
case-01859,1,0,0,0,1
case-01860,2,1,0,0,1
case-01861,2,0,0,0,1
case-01862,3,1,0,0,1
case-01863,1,0,0,0,1
case-01864,0,0,1,1,1
case-01865,1,0,0,0,1
case-01866,0,0,1,1,1
case-01867,1,0,0,0,1
case-01868,0,0,1,1,1
case-01869,1,0,0,0,1
case-01870,0,0,1,1,1
case-01871,1,1,1,1,1
case-01872,1,1,1,1,1
case-01873,0,0,1,1,1
case-01874,0,0,1,1,1
case-01875,1,1,1,1,1
case-01876,1,1,1,1,1
case-01877,1,0,0,0,1
case-01878,1,1,1,1,1
case-01879,2,1,0,0,1
case-01880,0,0,1,1,1
case-01881,1,0,0,0,1
case-01882,1,1,1,1,1
case-01883,2,1,0,0,1
case-01884,0,0,1,1,1
case-01885,0,0,1,1,1
case-01886,0,0,1,1,1
case-01887,1,1,1,1,1
case-01888,1,1,1,1,1
case-01889,1,1,1,1,1
case-01890,1,1,1,1,1
case-01891,1,0,0,0,1
case-01892,0,0,1,1,1
case-01893,1,0,0,0,1
case-01894,1,1,1,1,1
case-01895,2,1,0,0,1
case-01896,1,1,1,1,1
case-01897,2,1,0,0,1
case-01898,0,0,1,1,1
case-01899,1,1,1,1,1
case-01900,1,1,1,1,1
case-01901,1,1,1,1,1
case-01902,1,1,1,1,1
case-01903,2,1,0,0,1
case-01904,2,1,0,0,1
case-01905,1,0,0,0,1
case-01906,1,1,1,1,1
case-01907,2,1,0,0,1
case-01908,1,1,1,1,1
case-01909,2,1,0,0,1
case-01910,2,1,0,0,1
case-01911,3,1,0,0,1
case-01912,1,1,1,1,1
case-01913,0,0,1,1,1
case-01914,1,1,1,1,1
case-01915,0,0,1,1,1
case-01916,1,1,1,1,1
case-01917,0,0,1,1,1
case-01918,1,1,1,1,1
case-01919,0,0,1,1,1
case-01920,1,1,1,1,1
case-01921,1,1,1,1,1
case-01922,0,0,1,1,1
case-01923,0,0,1,1,1
case-01924,1,1,1,1,1
case-01925,1,1,1,1,1
case-01926,1,1,1,1,1
case-01927,1,1,1,1,1
case-01928,2,2,1,1,1
case-01929,0,0,1,1,1
case-01930,1,1,1,1,1
case-01931,1,1,1,1,1
case-01932,2,2,1,1,1
case-01933,0,0,1,1,1
case-01934,0,0,1,1,1
case-01935,0,0,1,1,1
case-01936,1,1,1,1,1
case-01937,1,1,1,1,1
case-01938,1,1,1,1,1
case-01939,1,1,1,1,1
case-01940,1,1,1,1,1
case-01941,0,0,1,1,1
case-01942,1,1,1,1,1
case-01943,1,1,1,1,1
case-01944,2,2,1,1,1
case-01945,1,1,1,1,1
case-01946,2,2,1,1,1
case-01947,0,0,1,1,1
case-01948,1,1,1,1,1
case-01949,1,1,1,1,1
case-01950,1,1,1,1,1
case-01951,1,1,1,1,1
case-01952,2,1,0,0,1
case-01953,2,1,0,0,1
case-01954,1,1,1,1,1
case-01955,1,1,1,1,1
case-01956,2,2,1,1,1
case-01957,1,1,1,1,1
case-01958,2,2,1,1,1
case-01959,2,1,0,0,1
case-01960,3,2,0,0,1
case-01961,1,0,0,0,1
case-01962,0,0,1,1,1
case-01963,1,0,0,0,1
case-01964,0,0,1,1,1
case-01965,1,0,0,0,1
case-01966,0,0,1,1,1
case-01967,1,0,0,0,1
case-01968,0,0,1,1,1
case-01969,1,0,0,0,1
case-01970,1,0,0,0,1
case-01971,0,0,1,1,1
case-01972,0,0,1,1,1
case-01973,1,0,0,0,1
case-01974,1,0,0,0,1
case-01975,1,0,0,0,1
case-01976,1,0,0,0,1
case-01977,2,0,0,0,1
case-01978,0,0,1,1,1
case-01979,1,0,0,0,1
case-01980,1,0,0,0,1
case-01981,2,0,0,0,1
case-01982,0,0,1,1,1
case-01983,0,0,1,1,1
case-01984,0,0,1,1,1
case-01985,1,0,0,0,1
case-01986,1,0,0,0,1
case-01987,1,0,0,0,1
case-01988,1,0,0,0,1
case-01989,1,0,0,0,1
case-01990,0,0,1,1,1
case-01991,1,0,0,0,1
case-01992,1,0,0,0,1
case-01993,2,0,0,0,1
case-01994,1,0,0,0,1
case-01995,2,0,0,0,1
case-01996,0,0,1,1,1
case-01997,1,0,0,0,1
case-01998,1,0,0,0,1
case-01999,1,0,0,0,1
case-02000,1,0,0,0,1
case-02001,2,0,0,0,1
case-02002,2,0,0,0,1
case-02003,1,0,0,0,1
case-02004,1,0,0,0,1
case-02005,2,0,0,0,1
case-02006,1,0,0,0,1
case-02007,2,0,0,0,1
case-02008,2,0,0,0,1
case-02009,3,0,0,0,1
case-02010,1,1,1,1,1
case-02011,0,0,1,1,1
case-02012,1,1,1,1,1
case-02013,0,0,1,1,1
case-02014,1,1,1,1,1
case-02015,0,0,1,1,1
case-02016,1,1,1,1,1
case-02017,0,0,1,1,1
case-02018,1,0,0,0,1
case-02019,1,0,0,0,1
case-02020,0,0,1,1,1
case-02021,0,0,1,1,1
case-02022,1,0,0,0,1
case-02023,1,0,0,0,1
case-02024,1,1,1,1,1
case-02025,1,0,0,0,1
case-02026,2,1,0,0,1
case-02027,0,0,1,1,1
case-02028,1,1,1,1,1
case-02029,1,0,0,0,1
case-02030,2,1,0,0,1
case-02031,0,0,1,1,1
case-02032,0,0,1,1,1
case-02033,0,0,1,1,1
case-02034,1,1,1,1,1
case-02035,1,1,1,1,1
case-02036,1,1,1,1,1
case-02037,1,1,1,1,1
case-02038,1,1,1,1,1
case-02039,0,0,1,1,1
case-02040,1,1,1,1,1
case-02041,1,1,1,1,1
case-02042,2,1,0,0,1
case-02043,1,1,1,1,1
case-02044,2,1,0,0,1
case-02045,0,0,1,1,1
case-02046,1,0,0,0,1
case-02047,1,0,0,0,1
case-02048,1,1,1,1,1
case-02049,1,1,1,1,1
case-02050,2,1,0,0,1
case-02051,2,1,0,0,1
case-02052,1,1,1,1,1
case-02053,1,0,0,0,1
case-02054,2,1,0,0,1
case-02055,1,1,1,1,1
case-02056,2,1,0,0,1
case-02057,2,1,0,0,1
case-02058,3,1,0,0,1
case-02059,1,0,0,0,1
case-02060,0,0,1,1,1
case-02061,1,0,0,0,1
case-02062,0,0,1,1,1
case-02063,1,0,0,0,1
case-02064,0,0,1,1,1
case-02065,1,0,0,0,1
case-02066,0,0,1,1,1
case-02067,1,1,1,1,1
case-02068,1,1,1,1,1
case-02069,0,0,1,1,1
case-02070,0,0,1,1,1
case-02071,1,1,1,1,1
case-02072,1,1,1,1,1
case-02073,1,0,0,0,1
case-02074,1,1,1,1,1
case-02075,2,1,0,0,1
case-02076,0,0,1,1,1
case-02077,1,0,0,0,1
case-02078,1,1,1,1,1
case-02079,2,1,0,0,1
case-02080,0,0,1,1,1
case-02081,0,0,1,1,1
case-02082,0,0,1,1,1
case-02083,1,0,0,0,1
case-02084,1,0,0,0,1
case-02085,1,0,0,0,1
case-02086,1,0,0,0,1
case-02087,1,0,0,0,1
case-02088,0,0,1,1,1
case-02089,1,0,0,0,1
case-02090,1,0,0,0,1
case-02091,2,0,0,0,1
case-02092,1,0,0,0,1
case-02093,2,0,0,0,1
case-02094,0,0,1,1,1
case-02095,1,1,1,1,1
case-02096,1,1,1,1,1
case-02097,1,0,0,0,1
case-02098,1,0,0,0,1
case-02099,2,1,0,0,1
case-02100,2,1,0,0,1
case-02101,1,0,0,0,1
case-02102,1,1,1,1,1
case-02103,2,1,0,0,1
case-02104,1,0,0,0,1
case-02105,2,0,0,0,1
case-02106,2,1,0,0,1
case-02107,3,1,0,0,1
case-02108,1,1,1,1,1
case-02109,0,0,1,1,1
case-02110,1,1,1,1,1
case-02111,0,0,1,1,1
case-02112,1,1,1,1,1
case-02113,0,0,1,1,1
case-02114,1,1,1,1,1
case-02115,0,0,1,1,1
case-02116,1,1,1,1,1
case-02117,1,1,1,1,1
case-02118,0,0,1,1,1
case-02119,0,0,1,1,1
case-02120,1,1,1,1,1
case-02121,1,1,1,1,1
case-02122,1,1,1,1,1
case-02123,1,1,1,1,1
case-02124,2,2,1,1,1
case-02125,0,0,1,1,1
case-02126,1,1,1,1,1
case-02127,1,1,1,1,1
case-02128,2,2,1,1,1
case-02129,0,0,1,1,1
case-02130,0,0,1,1,1
case-02131,0,0,1,1,1
case-02132,1,1,1,1,1
case-02133,1,1,1,1,1
case-02134,1,1,1,1,1
case-02135,1,1,1,1,1
case-02136,1,1,1,1,1
case-02137,0,0,1,1,1
case-02138,1,1,1,1,1
case-02139,1,1,1,1,1
case-02140,2,1,0,0,1
case-02141,1,1,1,1,1
case-02142,2,1,0,0,1
case-02143,0,0,1,1,1
case-02144,1,1,1,1,1
case-02145,1,1,1,1,1
case-02146,1,1,1,1,1
case-02147,1,1,1,1,1
case-02148,2,2,1,1,1
case-02149,2,2,1,1,1
case-02150,1,1,1,1,1
case-02151,1,1,1,1,1
case-02152,2,2,1,1,1
case-02153,1,1,1,1,1
case-02154,2,1,0,0,1
case-02155,2,2,1,1,1
case-02156,3,2,0,0,1
case-02157,1,0,0,0,1
case-02158,0,0,1,1,1
case-02159,1,0,0,0,1
case-02160,0,0,1,1,1
case-02161,1,0,0,0,1
case-02162,0,0,1,1,1
case-02163,1,0,0,0,1
case-02164,0,0,1,1,1
case-02165,1,0,0,0,1
case-02166,1,0,0,0,1
case-02167,0,0,1,1,1
case-02168,0,0,1,1,1
case-02169,1,0,0,0,1
case-02170,1,0,0,0,1
case-02171,1,0,0,0,1
case-02172,1,0,0,0,1
case-02173,2,0,0,0,1
case-02174,0,0,1,1,1
case-02175,1,0,0,0,1
case-02176,1,0,0,0,1
case-02177,2,0,0,0,1
case-02178,0,0,1,1,1
case-02179,0,0,1,1,1
case-02180,0,0,1,1,1
case-02181,1,0,0,0,1
case-02182,1,0,0,0,1
case-02183,1,0,0,0,1
case-02184,1,0,0,0,1
case-02185,1,0,0,0,1
case-02186,0,0,1,1,1
case-02187,1,0,0,0,1
case-02188,1,0,0,0,1
case-02189,2,0,0,0,1
case-02190,1,0,0,0,1
case-02191,2,0,0,0,1
case-02192,0,0,1,1,1
case-02193,1,0,0,0,1
case-02194,1,0,0,0,1
case-02195,1,0,0,0,1
case-02196,1,0,0,0,1
case-02197,2,0,0,0,1
case-02198,2,0,0,0,1
case-02199,1,0,0,0,1
case-02200,1,0,0,0,1
case-02201,2,0,0,0,1
case-02202,1,0,0,0,1
case-02203,2,0,0,0,1
case-02204,2,0,0,0,1
case-02205,3,0,0,0,1
case-02206,1,1,1,1,1
case-02207,0,0,1,1,1
case-02208,1,1,1,1,1
case-02209,0,0,1,1,1
case-02210,1,1,1,1,1
case-02211,0,0,1,1,1
case-02212,1,1,1,1,1
case-02213,0,0,1,1,1
case-02214,1,0,0,0,1
case-02215,1,0,0,0,1
case-02216,0,0,1,1,1
case-02217,0,0,1,1,1
case-02218,1,0,0,0,1
case-02219,1,0,0,0,1
case-02220,1,1,1,1,1
case-02221,1,0,0,0,1
case-02222,2,1,0,0,1
case-02223,0,0,1,1,1
case-02224,1,1,1,1,1
case-02225,1,0,0,0,1
case-02226,2,1,0,0,1
case-02227,0,0,1,1,1
case-02228,0,0,1,1,1
case-02229,0,0,1,1,1
case-02230,1,1,1,1,1
case-02231,1,1,1,1,1
case-02232,1,1,1,1,1
case-02233,1,1,1,1,1
case-02234,1,1,1,1,1
case-02235,0,0,1,1,1
case-02236,1,1,1,1,1
case-02237,1,1,1,1,1
case-02238,2,1,0,0,1
case-02239,1,1,1,1,1
case-02240,2,1,0,0,1
case-02241,0,0,1,1,1
case-02242,1,0,0,0,1
case-02243,1,0,0,0,1
case-02244,1,1,1,1,1
case-02245,1,1,1,1,1
case-02246,2,1,0,0,1
case-02247,2,1,0,0,1
case-02248,1,1,1,1,1
case-02249,1,0,0,0,1
case-02250,2,1,0,0,1
case-02251,1,1,1,1,1
case-02252,2,1,0,0,1
case-02253,2,1,0,0,1
case-02254,3,1,0,0,1
case-02255,1,0,0,0,1
case-02256,0,0,1,1,1
case-02257,1,0,0,0,1
case-02258,0,0,1,1,1
case-02259,1,0,0,0,1
case-02260,0,0,1,1,1
case-02261,1,0,0,0,1
case-02262,0,0,1,1,1
case-02263,1,1,1,1,1
case-02264,1,1,1,1,1
case-02265,0,0,1,1,1
case-02266,0,0,1,1,1
case-02267,1,1,1,1,1
case-02268,1,1,1,1,1
case-02269,1,0,0,0,1
case-02270,1,1,1,1,1
case-02271,2,1,0,0,1
case-02272,0,0,1,1,1
case-02273,1,0,0,0,1
case-02274,1,1,1,1,1
case-02275,2,1,0,0,1
case-02276,0,0,1,1,1
case-02277,0,0,1,1,1
case-02278,0,0,1,1,1
case-02279,1,1,1,1,1
case-02280,1,1,1,1,1
case-02281,1,1,1,1,1
case-02282,1,1,1,1,1
case-02283,1,0,0,0,1
case-02284,0,0,1,1,1
case-02285,1,0,0,0,1
case-02286,1,1,1,1,1
case-02287,2,1,0,0,1
case-02288,1,1,1,1,1
case-02289,2,1,0,0,1
case-02290,0,0,1,1,1
case-02291,1,1,1,1,1
case-02292,1,1,1,1,1
case-02293,1,1,1,1,1
case-02294,1,1,1,1,1
case-02295,2,1,0,0,1
case-02296,2,1,0,0,1
case-02297,1,0,0,0,1
case-02298,1,1,1,1,1
case-02299,2,1,0,0,1
case-02300,1,1,1,1,1
case-02301,2,1,0,0,1
case-02302,2,1,0,0,1
case-02303,3,1,0,0,1
case-02304,1,1,1,1,1
case-02305,0,0,1,1,1
case-02306,1,1,1,1,1
case-02307,0,0,1,1,1
case-02308,1,1,1,1,1
case-02309,0,0,1,1,1
case-02310,1,1,1,1,1
case-02311,0,0,1,1,1
case-02312,1,1,1,1,1
case-02313,1,1,1,1,1
case-02314,0,0,1,1,1
case-02315,0,0,1,1,1
case-02316,1,1,1,1,1
case-02317,1,1,1,1,1
case-02318,1,1,1,1,1
case-02319,1,1,1,1,1
case-02320,2,2,1,1,1
case-02321,0,0,1,1,1
case-02322,1,1,1,1,1
case-02323,1,1,1,1,1
case-02324,2,2,1,1,1
case-02325,0,0,1,1,1
case-02326,0,0,1,1,1
case-02327,0,0,1,1,1
case-02328,1,1,1,1,1
case-02329,1,1,1,1,1
case-02330,1,1,1,1,1
case-02331,1,1,1,1,1
case-02332,1,1,1,1,1
case-02333,0,0,1,1,1
case-02334,1,1,1,1,1
case-02335,1,1,1,1,1
case-02336,2,2,1,1,1
case-02337,1,1,1,1,1
case-02338,2,2,1,1,1
case-02339,0,0,1,1,1
case-02340,1,1,1,1,1
case-02341,1,1,1,1,1
case-02342,1,1,1,1,1
case-02343,1,1,1,1,1
case-02344,2,2,1,1,1
case-02345,2,2,1,1,1
case-02346,1,1,1,1,1
case-02347,1,1,1,1,1
case-02348,2,2,1,1,1
case-02349,1,1,1,1,1
case-02350,2,2,1,1,1
case-02351,2,2,1,1,1
case-02352,3,2,0,0,1
case-02353,1,0,0,0,1
case-02354,0,0,1,1,1
case-02355,1,0,0,0,1
case-02356,0,0,1,1,1
case-02357,1,0,0,0,1
case-02358,0,0,1,1,1
case-02359,1,0,0,0,1
case-02360,0,0,1,1,1
case-02361,1,0,0,0,1
case-02362,1,0,0,0,1
case-02363,0,0,1,1,1
case-02364,0,0,1,1,1
case-02365,1,0,0,0,1
case-02366,1,0,0,0,1
case-02367,1,0,0,0,1
case-02368,1,0,0,0,1
case-02369,2,0,0,0,1
case-02370,0,0,1,1,1
case-02371,1,0,0,0,1
case-02372,1,0,0,0,1
case-02373,2,0,0,0,1
case-02374,0,0,1,1,1
case-02375,0,0,1,1,1
case-02376,0,0,1,1,1
case-02377,1,0,0,0,1
case-02378,1,0,0,0,1
case-02379,1,0,0,0,1
case-02380,1,0,0,0,1
case-02381,1,0,0,0,1
case-02382,0,0,1,1,1
case-02383,1,0,0,0,1
case-02384,1,0,0,0,1
case-02385,2,0,0,0,1
case-02386,1,0,0,0,1
case-02387,2,0,0,0,1
case-02388,0,0,1,1,1
case-02389,1,0,0,0,1
case-02390,1,0,0,0,1
case-02391,1,0,0,0,1
case-02392,1,0,0,0,1
case-02393,2,0,0,0,1
case-02394,2,0,0,0,1
case-02395,1,0,0,0,1
case-02396,1,0,0,0,1
case-02397,2,0,0,0,1
case-02398,1,0,0,0,1
case-02399,2,0,0,0,1
case-02400,2,0,0,0,1
case-02401,3,0,0,0,1
case-02402,1,1,1,1,1
case-02403,0,0,1,1,1
case-02404,1,1,1,1,1
case-02405,0,0,1,1,1
case-02406,1,1,1,1,1
case-02407,0,0,1,1,1
case-02408,1,1,1,1,1
case-02409,0,0,1,1,1
case-02410,1,1,1,1,1
case-02411,1,1,1,1,1
case-02412,0,0,1,1,1
case-02413,0,0,1,1,1
case-02414,1,1,1,1,1
case-02415,1,1,1,1,1
case-02416,1,1,1,1,1
case-02417,1,1,1,1,1
case-02418,2,1,0,0,1
case-02419,0,0,1,1,1
case-02420,1,1,1,1,1
case-02421,1,1,1,1,1
case-02422,2,1,0,0,1
case-02423,0,0,1,1,1
case-02424,0,0,1,1,1
case-02425,0,0,1,1,1
case-02426,1,0,0,0,1
case-02427,1,0,0,0,1
case-02428,1,0,0,0,1
case-02429,1,0,0,0,1
case-02430,1,1,1,1,1
case-02431,0,0,1,1,1
case-02432,1,1,1,1,1
case-02433,1,0,0,0,1
case-02434,2,1,0,0,1
case-02435,1,0,0,0,1
case-02436,2,1,0,0,1
case-02437,0,0,1,1,1
case-02438,1,1,1,1,1
case-02439,1,1,1,1,1
case-02440,1,0,0,0,1
case-02441,1,0,0,0,1
case-02442,2,1,0,0,1
case-02443,2,1,0,0,1
case-02444,1,1,1,1,1
case-02445,1,1,1,1,1
case-02446,2,1,0,0,1
case-02447,1,0,0,0,1
case-02448,2,1,0,0,1
case-02449,2,1,0,0,1
case-02450,3,1,0,0,1
case-02451,1,0,0,0,1
case-02452,0,0,1,1,1
case-02453,1,0,0,0,1
case-02454,0,0,1,1,1
case-02455,1,0,0,0,1
case-02456,0,0,1,1,1
case-02457,1,0,0,0,1
case-02458,0,0,1,1,1
case-02459,1,0,0,0,1
case-02460,1,0,0,0,1
case-02461,0,0,1,1,1
case-02462,0,0,1,1,1
case-02463,1,0,0,0,1
case-02464,1,0,0,0,1
case-02465,1,0,0,0,1
case-02466,1,0,0,0,1
case-02467,2,0,0,0,1
case-02468,0,0,1,1,1
case-02469,1,0,0,0,1
case-02470,1,0,0,0,1
case-02471,2,0,0,0,1
case-02472,0,0,1,1,1
case-02473,0,0,1,1,1
case-02474,0,0,1,1,1
case-02475,1,1,1,1,1
case-02476,1,1,1,1,1
case-02477,1,1,1,1,1
case-02478,1,1,1,1,1
case-02479,1,0,0,0,1
case-02480,0,0,1,1,1
case-02481,1,0,0,0,1
case-02482,1,1,1,1,1
case-02483,2,1,0,0,1
case-02484,1,1,1,1,1
case-02485,2,1,0,0,1
case-02486,0,0,1,1,1
case-02487,1,0,0,0,1
case-02488,1,0,0,0,1
case-02489,1,1,1,1,1
case-02490,1,1,1,1,1
case-02491,2,1,0,0,1
case-02492,2,1,0,0,1
case-02493,1,0,0,0,1
case-02494,1,0,0,0,1
case-02495,2,0,0,0,1
case-02496,1,1,1,1,1
case-02497,2,1,0,0,1
case-02498,2,1,0,0,1
case-02499,3,1,0,0,1
case-02500,1,1,1,1,1
case-02501,0,0,1,1,1
case-02502,1,1,1,1,1
case-02503,0,0,1,1,1
case-02504,1,1,1,1,1
case-02505,0,0,1,1,1
case-02506,1,1,1,1,1
case-02507,0,0,1,1,1
case-02508,1,1,1,1,1
case-02509,1,1,1,1,1
case-02510,0,0,1,1,1
case-02511,0,0,1,1,1
case-02512,1,1,1,1,1
case-02513,1,1,1,1,1
case-02514,1,1,1,1,1
case-02515,1,1,1,1,1
case-02516,2,1,0,0,1
case-02517,0,0,1,1,1
case-02518,1,1,1,1,1
case-02519,1,1,1,1,1
case-02520,2,1,0,0,1
case-02521,0,0,1,1,1
case-02522,0,0,1,1,1
case-02523,0,0,1,1,1
case-02524,1,1,1,1,1
case-02525,1,1,1,1,1
case-02526,1,1,1,1,1
case-02527,1,1,1,1,1
case-02528,1,1,1,1,1
case-02529,0,0,1,1,1
case-02530,1,1,1,1,1
case-02531,1,1,1,1,1
case-02532,2,2,1,1,1
case-02533,1,1,1,1,1
case-02534,2,2,1,1,1
case-02535,0,0,1,1,1
case-02536,1,1,1,1,1
case-02537,1,1,1,1,1
case-02538,1,1,1,1,1
case-02539,1,1,1,1,1
case-02540,2,2,1,1,1
case-02541,2,2,1,1,1
case-02542,1,1,1,1,1
case-02543,1,1,1,1,1
case-02544,2,1,0,0,1
case-02545,1,1,1,1,1
case-02546,2,2,1,1,1
case-02547,2,2,1,1,1
case-02548,3,2,0,0,1
case-02549,1,0,0,0,1
case-02550,0,0,1,1,1
case-02551,1,0,0,0,1
case-02552,0,0,1,1,1
case-02553,1,0,0,0,1
case-02554,0,0,1,1,1
case-02555,1,0,0,0,1
case-02556,0,0,1,1,1
case-02557,1,0,0,0,1
case-02558,1,0,0,0,1
case-02559,0,0,1,1,1
case-02560,0,0,1,1,1
case-02561,1,0,0,0,1
case-02562,1,0,0,0,1
case-02563,1,0,0,0,1
case-02564,1,0,0,0,1
case-02565,2,0,0,0,1
case-02566,0,0,1,1,1
case-02567,1,0,0,0,1
case-02568,1,0,0,0,1
case-02569,2,0,0,0,1
case-02570,0,0,1,1,1
case-02571,0,0,1,1,1
case-02572,0,0,1,1,1
case-02573,1,0,0,0,1
case-02574,1,0,0,0,1
case-02575,1,0,0,0,1
case-02576,1,0,0,0,1
case-02577,1,0,0,0,1
case-02578,0,0,1,1,1
case-02579,1,0,0,0,1
case-02580,1,0,0,0,1
case-02581,2,0,0,0,1
case-02582,1,0,0,0,1
case-02583,2,0,0,0,1
case-02584,0,0,1,1,1
case-02585,1,0,0,0,1
case-02586,1,0,0,0,1
case-02587,1,0,0,0,1
case-02588,1,0,0,0,1
case-02589,2,0,0,0,1
case-02590,2,0,0,0,1
case-02591,1,0,0,0,1
case-02592,1,0,0,0,1
case-02593,2,0,0,0,1
case-02594,1,0,0,0,1
case-02595,2,0,0,0,1
case-02596,2,0,0,0,1
case-02597,3,0,0,0,1
case-02598,1,1,1,1,1
case-02599,0,0,1,1,1
case-02600,1,1,1,1,1
case-02601,0,0,1,1,1
case-02602,1,1,1,1,1
case-02603,0,0,1,1,1
case-02604,1,1,1,1,1
case-02605,0,0,1,1,1
case-02606,1,1,1,1,1
case-02607,1,1,1,1,1
case-02608,0,0,1,1,1
case-02609,0,0,1,1,1
case-02610,1,1,1,1,1
case-02611,1,1,1,1,1
case-02612,1,1,1,1,1
case-02613,1,1,1,1,1
case-02614,2,1,0,0,1
case-02615,0,0,1,1,1
case-02616,1,1,1,1,1
case-02617,1,1,1,1,1
case-02618,2,1,0,0,1
case-02619,0,0,1,1,1
case-02620,0,0,1,1,1
case-02621,0,0,1,1,1
case-02622,1,1,1,1,1
case-02623,1,1,1,1,1
case-02624,1,1,1,1,1
case-02625,1,1,1,1,1
case-02626,1,1,1,1,1
case-02627,0,0,1,1,1
case-02628,1,1,1,1,1
case-02629,1,1,1,1,1
case-02630,2,1,0,0,1
case-02631,1,1,1,1,1
case-02632,2,1,0,0,1
case-02633,0,0,1,1,1
case-02634,1,1,1,1,1
case-02635,1,1,1,1,1
case-02636,1,1,1,1,1
case-02637,1,1,1,1,1
case-02638,2,1,0,0,1
case-02639,2,1,0,0,1
case-02640,1,1,1,1,1
case-02641,1,1,1,1,1
case-02642,2,1,0,0,1
case-02643,1,1,1,1,1
case-02644,2,1,0,0,1
case-02645,2,1,0,0,1
case-02646,3,1,0,0,1
case-02647,1,0,0,0,1
case-02648,0,0,1,1,1
case-02649,1,0,0,0,1
case-02650,0,0,1,1,1
case-02651,1,0,0,0,1
case-02652,0,0,1,1,1
case-02653,1,0,0,0,1
case-02654,0,0,1,1,1
case-02655,1,0,0,0,1
case-02656,1,0,0,0,1
case-02657,0,0,1,1,1
case-02658,0,0,1,1,1
case-02659,1,0,0,0,1
case-02660,1,0,0,0,1
case-02661,1,0,0,0,1
case-02662,1,0,0,0,1
case-02663,2,0,0,0,1
case-02664,0,0,1,1,1
case-02665,1,0,0,0,1
case-02666,1,0,0,0,1
case-02667,2,0,0,0,1
case-02668,0,0,1,1,1
case-02669,0,0,1,1,1
case-02670,0,0,1,1,1
case-02671,1,0,0,0,1
case-02672,1,0,0,0,1
case-02673,1,0,0,0,1
case-02674,1,0,0,0,1
case-02675,1,0,0,0,1
case-02676,0,0,1,1,1
case-02677,1,0,0,0,1
case-02678,1,0,0,0,1
case-02679,2,0,0,0,1
case-02680,1,0,0,0,1
case-02681,2,0,0,0,1
case-02682,0,0,1,1,1
case-02683,1,0,0,0,1
case-02684,1,0,0,0,1
case-02685,1,0,0,0,1
case-02686,1,0,0,0,1
case-02687,2,0,0,0,1
case-02688,2,0,0,0,1
case-02689,1,0,0,0,1
case-02690,1,0,0,0,1
case-02691,2,0,0,0,1
case-02692,1,0,0,0,1
case-02693,2,0,0,0,1
case-02694,2,0,0,0,1
case-02695,3,0,0,0,1
case-02696,1,1,1,1,1
case-02697,0,0,1,1,1
case-02698,1,1,1,1,1
case-02699,0,0,1,1,1
case-02700,1,1,1,1,1
case-02701,0,0,1,1,1
case-02702,1,1,1,1,1
case-02703,0,0,1,1,1
case-02704,1,1,1,1,1
case-02705,1,1,1,1,1
case-02706,0,0,1,1,1
case-02707,0,0,1,1,1
case-02708,1,1,1,1,1
case-02709,1,1,1,1,1
case-02710,1,1,1,1,1
case-02711,1,1,1,1,1
case-02712,2,1,0,0,1
case-02713,0,0,1,1,1
case-02714,1,1,1,1,1
case-02715,1,1,1,1,1
case-02716,2,1,0,0,1
case-02717,0,0,1,1,1
case-02718,0,0,1,1,1
case-02719,0,0,1,1,1
case-02720,1,1,1,1,1
case-02721,1,1,1,1,1
case-02722,1,1,1,1,1
case-02723,1,1,1,1,1
case-02724,1,1,1,1,1
case-02725,0,0,1,1,1
case-02726,1,1,1,1,1
case-02727,1,1,1,1,1
case-02728,2,1,0,0,1
case-02729,1,1,1,1,1
case-02730,2,1,0,0,1
case-02731,0,0,1,1,1
case-02732,1,1,1,1,1
case-02733,1,1,1,1,1
case-02734,1,1,1,1,1
case-02735,1,1,1,1,1
case-02736,2,1,0,0,1
case-02737,2,1,0,0,1
case-02738,1,1,1,1,1
case-02739,1,1,1,1,1
case-02740,2,1,0,0,1
case-02741,1,1,1,1,1
case-02742,2,1,0,0,1
case-02743,2,1,0,0,1
case-02744,3,1,0,0,1
case-02745,1,0,0,0,1
case-02746,0,0,1,1,1
case-02747,1,0,0,0,1
case-02748,0,0,1,1,1
case-02749,1,0,0,0,1
case-02750,0,0,1,1,1
case-02751,1,0,0,0,1
case-02752,0,0,1,1,1
case-02753,1,0,0,0,1
case-02754,1,0,0,0,1
case-02755,0,0,1,1,1
case-02756,0,0,1,1,1
case-02757,1,0,0,0,1
case-02758,1,0,0,0,1
case-02759,1,0,0,0,1
case-02760,1,0,0,0,1
case-02761,2,0,0,0,1
case-02762,0,0,1,1,1
case-02763,1,0,0,0,1
case-02764,1,0,0,0,1
case-02765,2,0,0,0,1
case-02766,0,0,1,1,1
case-02767,0,0,1,1,1
case-02768,0,0,1,1,1
case-02769,1,0,0,0,1
case-02770,1,0,0,0,1
case-02771,1,0,0,0,1
case-02772,1,0,0,0,1
case-02773,1,0,0,0,1
case-02774,0,0,1,1,1
case-02775,1,0,0,0,1
case-02776,1,0,0,0,1
case-02777,2,0,0,0,1
case-02778,1,0,0,0,1
case-02779,2,0,0,0,1
case-02780,0,0,1,1,1
case-02781,1,0,0,0,1
case-02782,1,0,0,0,1
case-02783,1,0,0,0,1
case-02784,1,0,0,0,1
case-02785,2,0,0,0,1
case-02786,2,0,0,0,1
case-02787,1,0,0,0,1
case-02788,1,0,0,0,1
case-02789,2,0,0,0,1
case-02790,1,0,0,0,1
case-02791,2,0,0,0,1
case-02792,2,0,0,0,1
case-02793,3,0,0,0,1
case-02794,1,1,1,1,1
case-02795,0,0,1,1,1
case-02796,1,1,1,1,1
case-02797,0,0,1,1,1
case-02798,1,1,1,1,1
case-02799,0,0,1,1,1
case-02800,1,1,1,1,1
case-02801,0,0,1,1,1
case-02802,1,1,1,1,1
case-02803,1,1,1,1,1
case-02804,0,0,1,1,1
case-02805,0,0,1,1,1
case-02806,1,1,1,1,1
case-02807,1,1,1,1,1
case-02808,1,1,1,1,1
case-02809,1,1,1,1,1
case-02810,2,1,0,0,1
case-02811,0,0,1,1,1
case-02812,1,1,1,1,1
case-02813,1,1,1,1,1
case-02814,2,1,0,0,1
case-02815,0,0,1,1,1
case-02816,0,0,1,1,1
case-02817,0,0,1,1,1
case-02818,1,1,1,1,1
case-02819,1,1,1,1,1
case-02820,1,1,1,1,1
case-02821,1,1,1,1,1
case-02822,1,1,1,1,1
case-02823,0,0,1,1,1
case-02824,1,1,1,1,1
case-02825,1,1,1,1,1
case-02826,2,1,0,0,1
case-02827,1,1,1,1,1
case-02828,2,1,0,0,1
case-02829,0,0,1,1,1
case-02830,1,1,1,1,1
case-02831,1,1,1,1,1
case-02832,1,1,1,1,1
case-02833,1,1,1,1,1
case-02834,2,1,0,0,1
case-02835,2,1,0,0,1
case-02836,1,1,1,1,1
case-02837,1,1,1,1,1
case-02838,2,1,0,0,1
case-02839,1,1,1,1,1
case-02840,2,1,0,0,1
case-02841,2,1,0,0,1
case-02842,3,1,0,0,1
case-02843,1,0,0,0,1
case-02844,0,0,1,1,1
case-02845,1,0,0,0,1
case-02846,0,0,1,1,1
case-02847,1,0,0,0,1
case-02848,0,0,1,1,1
case-02849,1,0,0,0,1
case-02850,0,0,1,1,1
case-02851,1,0,0,0,1
case-02852,1,0,0,0,1
case-02853,0,0,1,1,1
case-02854,0,0,1,1,1
case-02855,1,0,0,0,1
case-02856,1,0,0,0,1
case-02857,1,0,0,0,1
case-02858,1,0,0,0,1
case-02859,2,0,0,0,1
case-02860,0,0,1,1,1
case-02861,1,0,0,0,1
case-02862,1,0,0,0,1
case-02863,2,0,0,0,1
case-02864,0,0,1,1,1
case-02865,0,0,1,1,1
case-02866,0,0,1,1,1
case-02867,1,1,1,1,1
case-02868,1,1,1,1,1
case-02869,1,1,1,1,1
case-02870,1,1,1,1,1
case-02871,1,0,0,0,1
case-02872,0,0,1,1,1
case-02873,1,0,0,0,1
case-02874,1,1,1,1,1
case-02875,2,1,0,0,1
case-02876,1,1,1,1,1
case-02877,2,1,0,0,1
case-02878,0,0,1,1,1
case-02879,1,0,0,0,1
case-02880,1,0,0,0,1
case-02881,1,1,1,1,1
case-02882,1,1,1,1,1
case-02883,2,1,0,0,1
case-02884,2,1,0,0,1
case-02885,1,0,0,0,1
case-02886,1,0,0,0,1
case-02887,2,0,0,0,1
case-02888,1,1,1,1,1
case-02889,2,1,0,0,1
case-02890,2,1,0,0,1
case-02891,3,1,0,0,1
case-02892,1,1,1,1,1
case-02893,0,0,1,1,1
case-02894,1,1,1,1,1
case-02895,0,0,1,1,1
case-02896,1,1,1,1,1
case-02897,0,0,1,1,1
case-02898,1,1,1,1,1
case-02899,0,0,1,1,1
case-02900,1,1,1,1,1
case-02901,1,1,1,1,1
case-02902,0,0,1,1,1
case-02903,0,0,1,1,1
case-02904,1,1,1,1,1
case-02905,1,1,1,1,1
case-02906,1,1,1,1,1
case-02907,1,1,1,1,1
case-02908,2,1,0,0,1
case-02909,0,0,1,1,1
case-02910,1,1,1,1,1
case-02911,1,1,1,1,1
case-02912,2,1,0,0,1
case-02913,0,0,1,1,1
case-02914,0,0,1,1,1
case-02915,0,0,1,1,1
case-02916,1,1,1,1,1
case-02917,1,1,1,1,1
case-02918,1,1,1,1,1
case-02919,1,1,1,1,1
case-02920,1,1,1,1,1
case-02921,0,0,1,1,1
case-02922,1,1,1,1,1
case-02923,1,1,1,1,1
case-02924,2,2,1,1,1
case-02925,1,1,1,1,1
case-02926,2,2,1,1,1
case-02927,0,0,1,1,1
case-02928,1,1,1,1,1
case-02929,1,1,1,1,1
case-02930,1,1,1,1,1
case-02931,1,1,1,1,1
case-02932,2,2,1,1,1
case-02933,2,2,1,1,1
case-02934,1,1,1,1,1
case-02935,1,1,1,1,1
case-02936,2,1,0,0,1
case-02937,1,1,1,1,1
case-02938,2,2,1,1,1
case-02939,2,2,1,1,1
case-02940,3,2,0,0,1
case-02941,1,0,0,0,1
case-02942,0,0,1,1,1
case-02943,1,0,0,0,1
case-02944,0,0,1,1,1
case-02945,1,0,0,0,1
case-02946,0,0,1,1,1
case-02947,1,0,0,0,1
case-02948,0,0,1,1,1
case-02949,1,0,0,0,1
case-02950,1,0,0,0,1
case-02951,0,0,1,1,1
case-02952,0,0,1,1,1
case-02953,1,0,0,0,1
case-02954,1,0,0,0,1
case-02955,1,0,0,0,1
case-02956,1,0,0,0,1
case-02957,2,0,0,0,1
case-02958,0,0,1,1,1
case-02959,1,0,0,0,1
case-02960,1,0,0,0,1
case-02961,2,0,0,0,1
case-02962,0,0,1,1,1
case-02963,0,0,1,1,1
case-02964,0,0,1,1,1
case-02965,1,0,0,0,1
case-02966,1,0,0,0,1
case-02967,1,0,0,0,1
case-02968,1,0,0,0,1
case-02969,1,0,0,0,1
case-02970,0,0,1,1,1
case-02971,1,0,0,0,1
case-02972,1,0,0,0,1
case-02973,2,0,0,0,1
case-02974,1,0,0,0,1
case-02975,2,0,0,0,1
case-02976,0,0,1,1,1
case-02977,1,0,0,0,1
case-02978,1,0,0,0,1
case-02979,1,0,0,0,1
case-02980,1,0,0,0,1
case-02981,2,0,0,0,1
case-02982,2,0,0,0,1
case-02983,1,0,0,0,1
case-02984,1,0,0,0,1
case-02985,2,0,0,0,1
case-02986,1,0,0,0,1
case-02987,2,0,0,0,1
case-02988,2,0,0,0,1
case-02989,3,0,0,0,1
case-02990,1,1,1,1,1
case-02991,0,0,1,1,1
case-02992,1,1,1,1,1
case-02993,0,0,1,1,1
case-02994,1,1,1,1,1
case-02995,0,0,1,1,1
case-02996,1,1,1,1,1
case-02997,0,0,1,1,1
case-02998,1,1,1,1,1
case-02999,1,1,1,1,1
case-03000,0,0,1,1,1
case-03001,0,0,1,1,1
case-03002,1,1,1,1,1
case-03003,1,1,1,1,1
case-03004,1,1,1,1,1
case-03005,1,1,1,1,1
case-03006,2,1,0,0,1
case-03007,0,0,1,1,1
case-03008,1,1,1,1,1
case-03009,1,1,1,1,1
case-03010,2,1,0,0,1
case-03011,0,0,1,1,1
case-03012,0,0,1,1,1
case-03013,0,0,1,1,1
case-03014,1,0,0,0,1
case-03015,1,0,0,0,1
case-03016,1,0,0,0,1
case-03017,1,0,0,0,1
case-03018,1,1,1,1,1
case-03019,0,0,1,1,1
case-03020,1,1,1,1,1
case-03021,1,0,0,0,1
case-03022,2,1,0,0,1
case-03023,1,0,0,0,1
case-03024,2,1,0,0,1
case-03025,0,0,1,1,1
case-03026,1,1,1,1,1
case-03027,1,1,1,1,1
case-03028,1,0,0,0,1
case-03029,1,0,0,0,1
case-03030,2,1,0,0,1
case-03031,2,1,0,0,1
case-03032,1,1,1,1,1
case-03033,1,1,1,1,1
case-03034,2,1,0,0,1
case-03035,1,0,0,0,1
case-03036,2,1,0,0,1
case-03037,2,1,0,0,1
case-03038,3,1,0,0,1
case-03039,1,0,0,0,1
case-03040,0,0,1,1,1
case-03041,1,0,0,0,1
case-03042,0,0,1,1,1
case-03043,1,0,0,0,1
case-03044,0,0,1,1,1
case-03045,1,0,0,0,1
case-03046,0,0,1,1,1
case-03047,1,1,1,1,1
case-03048,1,1,1,1,1
case-03049,0,0,1,1,1
case-03050,0,0,1,1,1
case-03051,1,1,1,1,1
case-03052,1,1,1,1,1
case-03053,1,0,0,0,1
case-03054,1,1,1,1,1
case-03055,2,1,0,0,1
case-03056,0,0,1,1,1
case-03057,1,0,0,0,1
case-03058,1,1,1,1,1
case-03059,2,1,0,0,1
case-03060,0,0,1,1,1
case-03061,0,0,1,1,1
case-03062,0,0,1,1,1
case-03063,1,1,1,1,1
case-03064,1,1,1,1,1
case-03065,1,1,1,1,1
case-03066,1,1,1,1,1
case-03067,1,0,0,0,1
case-03068,0,0,1,1,1
case-03069,1,0,0,0,1
case-03070,1,1,1,1,1
case-03071,2,1,0,0,1
case-03072,1,1,1,1,1
case-03073,2,1,0,0,1
case-03074,0,0,1,1,1
case-03075,1,1,1,1,1
case-03076,1,1,1,1,1
case-03077,1,1,1,1,1
case-03078,1,1,1,1,1
case-03079,2,1,0,0,1
case-03080,2,1,0,0,1
case-03081,1,0,0,0,1
case-03082,1,1,1,1,1
case-03083,2,1,0,0,1
case-03084,1,1,1,1,1
case-03085,2,1,0,0,1
case-03086,2,1,0,0,1
case-03087,3,1,0,0,1
case-03088,1,1,1,1,1
case-03089,0,0,1,1,1
case-03090,1,1,1,1,1
case-03091,0,0,1,1,1
case-03092,1,1,1,1,1
case-03093,0,0,1,1,1
case-03094,1,1,1,1,1
case-03095,0,0,1,1,1
case-03096,1,1,1,1,1
case-03097,1,1,1,1,1
case-03098,0,0,1,1,1
case-03099,0,0,1,1,1
case-03100,1,1,1,1,1
case-03101,1,1,1,1,1
case-03102,1,1,1,1,1
case-03103,1,1,1,1,1
case-03104,2,2,1,1,1
case-03105,0,0,1,1,1
case-03106,1,1,1,1,1
case-03107,1,1,1,1,1
case-03108,2,2,1,1,1
case-03109,0,0,1,1,1
case-03110,0,0,1,1,1
case-03111,0,0,1,1,1
case-03112,1,1,1,1,1
case-03113,1,1,1,1,1
case-03114,1,1,1,1,1
case-03115,1,1,1,1,1
case-03116,1,1,1,1,1
case-03117,0,0,1,1,1
case-03118,1,1,1,1,1
case-03119,1,1,1,1,1
case-03120,2,2,1,1,1
case-03121,1,1,1,1,1
case-03122,2,2,1,1,1
case-03123,0,0,1,1,1
case-03124,1,1,1,1,1
case-03125,1,1,1,1,1
case-03126,1,1,1,1,1
case-03127,1,1,1,1,1
case-03128,2,2,1,1,1
case-03129,2,2,1,1,1
case-03130,1,1,1,1,1
case-03131,1,1,1,1,1
case-03132,2,2,1,1,1
case-03133,1,1,1,1,1
case-03134,2,2,1,1,1
case-03135,2,2,1,1,1
case-03136,3,2,0,0,1
case-03137,1,0,0,0,1
case-03138,0,0,1,1,1
case-03139,1,0,0,0,1
case-03140,0,0,1,1,1
case-03141,1,0,0,0,1
case-03142,0,0,1,1,1
case-03143,1,0,0,0,1
case-03144,0,0,1,1,1
case-03145,1,0,0,0,1
case-03146,1,0,0,0,1
case-03147,0,0,1,1,1
case-03148,0,0,1,1,1
case-03149,1,0,0,0,1
case-03150,1,0,0,0,1
case-03151,1,0,0,0,1
case-03152,1,0,0,0,1
case-03153,2,0,0,0,1
case-03154,0,0,1,1,1
case-03155,1,0,0,0,1
case-03156,1,0,0,0,1
case-03157,2,0,0,0,1
case-03158,0,0,1,1,1
case-03159,0,0,1,1,1
case-03160,0,0,1,1,1
case-03161,1,0,0,0,1
case-03162,1,0,0,0,1
case-03163,1,0,0,0,1
case-03164,1,0,0,0,1
case-03165,1,0,0,0,1
case-03166,0,0,1,1,1
case-03167,1,0,0,0,1
case-03168,1,0,0,0,1
case-03169,2,0,0,0,1
case-03170,1,0,0,0,1
case-03171,2,0,0,0,1
case-03172,0,0,1,1,1
case-03173,1,0,0,0,1
case-03174,1,0,0,0,1
case-03175,1,0,0,0,1
case-03176,1,0,0,0,1
case-03177,2,0,0,0,1
case-03178,2,0,0,0,1
case-03179,1,0,0,0,1
case-03180,1,0,0,0,1
case-03181,2,0,0,0,1
case-03182,1,0,0,0,1
case-03183,2,0,0,0,1
case-03184,2,0,0,0,1
case-03185,3,0,0,0,1
case-03186,1,1,1,1,1
case-03187,0,0,1,1,1
case-03188,1,1,1,1,1
case-03189,0,0,1,1,1
case-03190,1,1,1,1,1
case-03191,0,0,1,1,1
case-03192,1,1,1,1,1
case-03193,0,0,1,1,1
case-03194,1,1,1,1,1
case-03195,1,1,1,1,1
case-03196,0,0,1,1,1
case-03197,0,0,1,1,1
case-03198,1,1,1,1,1
case-03199,1,1,1,1,1
case-03200,1,1,1,1,1
case-03201,1,1,1,1,1
case-03202,2,1,0,0,1
case-03203,0,0,1,1,1
case-03204,1,1,1,1,1
case-03205,1,1,1,1,1
case-03206,2,1,0,0,1
case-03207,0,0,1,1,1
case-03208,0,0,1,1,1
case-03209,0,0,1,1,1
case-03210,1,1,1,1,1
case-03211,1,1,1,1,1
case-03212,1,1,1,1,1
case-03213,1,1,1,1,1
case-03214,1,1,1,1,1
case-03215,0,0,1,1,1
case-03216,1,1,1,1,1
case-03217,1,1,1,1,1
case-03218,2,1,0,0,1
case-03219,1,1,1,1,1
case-03220,2,1,0,0,1
case-03221,0,0,1,1,1
case-03222,1,1,1,1,1
case-03223,1,1,1,1,1
case-03224,1,1,1,1,1
case-03225,1,1,1,1,1
case-03226,2,1,0,0,1
case-03227,2,1,0,0,1
case-03228,1,1,1,1,1
case-03229,1,1,1,1,1
case-03230,2,1,0,0,1
case-03231,1,1,1,1,1
case-03232,2,1,0,0,1
case-03233,2,1,0,0,1
case-03234,3,1,0,0,1
case-03235,1,0,0,0,1
case-03236,0,0,1,1,1
case-03237,1,0,0,0,1
case-03238,0,0,1,1,1
case-03239,1,0,0,0,1
case-03240,0,0,1,1,1
case-03241,1,0,0,0,1
case-03242,0,0,1,1,1
case-03243,1,1,1,1,1
case-03244,1,1,1,1,1
case-03245,0,0,1,1,1
case-03246,0,0,1,1,1
case-03247,1,1,1,1,1
case-03248,1,1,1,1,1
case-03249,1,0,0,0,1
case-03250,1,1,1,1,1
case-03251,2,1,0,0,1
case-03252,0,0,1,1,1
case-03253,1,0,0,0,1
case-03254,1,1,1,1,1
case-03255,2,1,0,0,1
case-03256,0,0,1,1,1
case-03257,0,0,1,1,1
case-03258,0,0,1,1,1
case-03259,1,0,0,0,1
case-03260,1,0,0,0,1
case-03261,1,0,0,0,1
case-03262,1,0,0,0,1
case-03263,1,0,0,0,1
case-03264,0,0,1,1,1
case-03265,1,0,0,0,1
case-03266,1,0,0,0,1
case-03267,2,0,0,0,1
case-03268,1,0,0,0,1
case-03269,2,0,0,0,1
case-03270,0,0,1,1,1
case-03271,1,1,1,1,1
case-03272,1,1,1,1,1
case-03273,1,0,0,0,1
case-03274,1,0,0,0,1
case-03275,2,1,0,0,1
case-03276,2,1,0,0,1
case-03277,1,0,0,0,1
case-03278,1,1,1,1,1
case-03279,2,1,0,0,1
case-03280,1,0,0,0,1
case-03281,2,0,0,0,1
case-03282,2,1,0,0,1
case-03283,3,1,0,0,1
case-03284,1,1,1,1,1
case-03285,0,0,1,1,1
case-03286,1,1,1,1,1
case-03287,0,0,1,1,1
case-03288,1,1,1,1,1
case-03289,0,0,1,1,1
case-03290,1,1,1,1,1
case-03291,0,0,1,1,1
case-03292,1,1,1,1,1
case-03293,1,1,1,1,1
case-03294,0,0,1,1,1
case-03295,0,0,1,1,1
case-03296,1,1,1,1,1
case-03297,1,1,1,1,1
case-03298,1,1,1,1,1
case-03299,1,1,1,1,1
case-03300,2,2,1,1,1
case-03301,0,0,1,1,1
case-03302,1,1,1,1,1
case-03303,1,1,1,1,1
case-03304,2,2,1,1,1
case-03305,0,0,1,1,1
case-03306,0,0,1,1,1
case-03307,0,0,1,1,1
case-03308,1,1,1,1,1
case-03309,1,1,1,1,1
case-03310,1,1,1,1,1
case-03311,1,1,1,1,1
case-03312,1,1,1,1,1
case-03313,0,0,1,1,1
case-03314,1,1,1,1,1
case-03315,1,1,1,1,1
case-03316,2,1,0,0,1
case-03317,1,1,1,1,1
case-03318,2,1,0,0,1
case-03319,0,0,1,1,1
case-03320,1,1,1,1,1
case-03321,1,1,1,1,1
case-03322,1,1,1,1,1
case-03323,1,1,1,1,1
case-03324,2,2,1,1,1
case-03325,2,2,1,1,1
case-03326,1,1,1,1,1
case-03327,1,1,1,1,1
case-03328,2,2,1,1,1
case-03329,1,1,1,1,1
case-03330,2,1,0,0,1
case-03331,2,2,1,1,1
case-03332,3,2,0,0,1
case-03333,1,0,0,0,1
case-03334,0,0,1,1,1
case-03335,1,0,0,0,1
case-03336,0,0,1,1,1
case-03337,1,0,0,0,1
case-03338,0,0,1,1,1
case-03339,1,0,0,0,1
case-03340,0,0,1,1,1
case-03341,1,0,0,0,1
case-03342,1,0,0,0,1
case-03343,0,0,1,1,1
case-03344,0,0,1,1,1
case-03345,1,0,0,0,1
case-03346,1,0,0,0,1
case-03347,1,0,0,0,1
case-03348,1,0,0,0,1
case-03349,2,0,0,0,1
case-03350,0,0,1,1,1
case-03351,1,0,0,0,1
case-03352,1,0,0,0,1
case-03353,2,0,0,0,1
case-03354,0,0,1,1,1
case-03355,0,0,1,1,1
case-03356,0,0,1,1,1
case-03357,1,0,0,0,1
case-03358,1,0,0,0,1
case-03359,1,0,0,0,1
case-03360,1,0,0,0,1
case-03361,1,0,0,0,1
case-03362,0,0,1,1,1
case-03363,1,0,0,0,1
case-03364,1,0,0,0,1
case-03365,2,0,0,0,1
case-03366,1,0,0,0,1
case-03367,2,0,0,0,1
case-03368,0,0,1,1,1
case-03369,1,0,0,0,1
case-03370,1,0,0,0,1
case-03371,1,0,0,0,1
case-03372,1,0,0,0,1
case-03373,2,0,0,0,1
case-03374,2,0,0,0,1
case-03375,1,0,0,0,1
case-03376,1,0,0,0,1
case-03377,2,0,0,0,1
case-03378,1,0,0,0,1
case-03379,2,0,0,0,1
case-03380,2,0,0,0,1
case-03381,3,0,0,0,1
case-03382,1,1,1,1,1
case-03383,0,0,1,1,1
case-03384,1,1,1,1,1
case-03385,0,0,1,1,1
case-03386,1,1,1,1,1
case-03387,0,0,1,1,1
case-03388,1,1,1,1,1
case-03389,0,0,1,1,1
case-03390,1,1,1,1,1
case-03391,1,1,1,1,1
case-03392,0,0,1,1,1
case-03393,0,0,1,1,1
case-03394,1,1,1,1,1
case-03395,1,1,1,1,1
case-03396,1,1,1,1,1
case-03397,1,1,1,1,1
case-03398,2,1,0,0,1
case-03399,0,0,1,1,1
case-03400,1,1,1,1,1
case-03401,1,1,1,1,1
case-03402,2,1,0,0,1
case-03403,0,0,1,1,1
case-03404,0,0,1,1,1
case-03405,0,0,1,1,1
case-03406,1,1,1,1,1
case-03407,1,1,1,1,1
case-03408,1,1,1,1,1
case-03409,1,1,1,1,1
case-03410,1,1,1,1,1
case-03411,0,0,1,1,1
case-03412,1,1,1,1,1
case-03413,1,1,1,1,1
case-03414,2,1,0,0,1
case-03415,1,1,1,1,1
case-03416,2,1,0,0,1
case-03417,0,0,1,1,1
case-03418,1,1,1,1,1
case-03419,1,1,1,1,1
case-03420,1,1,1,1,1
case-03421,1,1,1,1,1
case-03422,2,1,0,0,1
case-03423,2,1,0,0,1
case-03424,1,1,1,1,1
case-03425,1,1,1,1,1
case-03426,2,1,0,0,1
case-03427,1,1,1,1,1
case-03428,2,1,0,0,1
case-03429,2,1,0,0,1
case-03430,3,1,0,0,1
case-03431,1,0,0,0,1
case-03432,0,0,1,1,1
case-03433,1,0,0,0,1
case-03434,0,0,1,1,1
case-03435,1,0,0,0,1
case-03436,0,0,1,1,1
case-03437,1,0,0,0,1
case-03438,0,0,1,1,1
case-03439,1,1,1,1,1
case-03440,1,1,1,1,1
case-03441,0,0,1,1,1
case-03442,0,0,1,1,1
case-03443,1,1,1,1,1
case-03444,1,1,1,1,1
case-03445,1,0,0,0,1
case-03446,1,1,1,1,1
case-03447,2,1,0,0,1
case-03448,0,0,1,1,1
case-03449,1,0,0,0,1
case-03450,1,1,1,1,1
case-03451,2,1,0,0,1
case-03452,0,0,1,1,1
case-03453,0,0,1,1,1
case-03454,0,0,1,1,1
case-03455,1,1,1,1,1
case-03456,1,1,1,1,1
case-03457,1,1,1,1,1
case-03458,1,1,1,1,1
case-03459,1,0,0,0,1
case-03460,0,0,1,1,1
case-03461,1,0,0,0,1
case-03462,1,1,1,1,1
case-03463,2,1,0,0,1
case-03464,1,1,1,1,1
case-03465,2,1,0,0,1
case-03466,0,0,1,1,1
case-03467,1,1,1,1,1
case-03468,1,1,1,1,1
case-03469,1,1,1,1,1
case-03470,1,1,1,1,1
case-03471,2,1,0,0,1
case-03472,2,1,0,0,1
case-03473,1,0,0,0,1
case-03474,1,1,1,1,1
case-03475,2,1,0,0,1
case-03476,1,1,1,1,1
case-03477,2,1,0,0,1
case-03478,2,1,0,0,1
case-03479,3,1,0,0,1
case-03480,1,1,1,1,1
case-03481,0,0,1,1,1
case-03482,1,1,1,1,1
case-03483,0,0,1,1,1
case-03484,1,1,1,1,1
case-03485,0,0,1,1,1
case-03486,1,1,1,1,1
case-03487,0,0,1,1,1
case-03488,1,1,1,1,1
case-03489,1,1,1,1,1
case-03490,0,0,1,1,1
case-03491,0,0,1,1,1
case-03492,1,1,1,1,1
case-03493,1,1,1,1,1
case-03494,1,1,1,1,1
case-03495,1,1,1,1,1
case-03496,2,2,1,1,1
case-03497,0,0,1,1,1
case-03498,1,1,1,1,1
case-03499,1,1,1,1,1
case-03500,2,2,1,1,1
case-03501,0,0,1,1,1
case-03502,0,0,1,1,1
case-03503,0,0,1,1,1
case-03504,1,1,1,1,1
case-03505,1,1,1,1,1
case-03506,1,1,1,1,1
case-03507,1,1,1,1,1
case-03508,1,1,1,1,1
case-03509,0,0,1,1,1
case-03510,1,1,1,1,1
case-03511,1,1,1,1,1
case-03512,2,2,1,1,1
case-03513,1,1,1,1,1
case-03514,2,2,1,1,1
case-03515,0,0,1,1,1
case-03516,1,1,1,1,1
case-03517,1,1,1,1,1
case-03518,1,1,1,1,1
case-03519,1,1,1,1,1
case-03520,2,2,1,1,1
case-03521,2,2,1,1,1
case-03522,1,1,1,1,1
case-03523,1,1,1,1,1
case-03524,2,2,1,1,1
case-03525,1,1,1,1,1
case-03526,2,2,1,1,1
case-03527,2,2,1,1,1
case-03528,3,2,0,0,1
case-03529,1,0,0,0,1
case-03530,0,0,1,1,1
case-03531,1,0,0,0,1
case-03532,0,0,1,1,1
case-03533,1,0,0,0,1
case-03534,0,0,1,1,1
case-03535,1,0,0,0,1
case-03536,0,0,1,1,1
case-03537,1,0,0,0,1
case-03538,1,0,0,0,1
case-03539,0,0,1,1,1
case-03540,0,0,1,1,1
case-03541,1,0,0,0,1
case-03542,1,0,0,0,1
case-03543,1,0,0,0,1
case-03544,1,0,0,0,1
case-03545,2,0,0,0,1
case-03546,0,0,1,1,1
case-03547,1,0,0,0,1
case-03548,1,0,0,0,1
case-03549,2,0,0,0,1
case-03550,0,0,1,1,1
case-03551,0,0,1,1,1
case-03552,0,0,1,1,1
case-03553,1,0,0,0,1
case-03554,1,0,0,0,1
case-03555,1,0,0,0,1
case-03556,1,0,0,0,1
case-03557,1,0,0,0,1
case-03558,0,0,1,1,1
case-03559,1,0,0,0,1
case-03560,1,0,0,0,1
case-03561,2,0,0,0,1
case-03562,1,0,0,0,1
case-03563,2,0,0,0,1
case-03564,0,0,1,1,1
case-03565,1,0,0,0,1
case-03566,1,0,0,0,1
case-03567,1,0,0,0,1
case-03568,1,0,0,0,1
case-03569,2,0,0,0,1
case-03570,2,0,0,0,1
case-03571,1,0,0,0,1
case-03572,1,0,0,0,1
case-03573,2,0,0,0,1
case-03574,1,0,0,0,1
case-03575,2,0,0,0,1
case-03576,2,0,0,0,1
case-03577,3,0,0,0,1
case-03578,1,1,1,1,1
case-03579,0,0,1,1,1
case-03580,1,1,1,1,1
case-03581,0,0,1,1,1
case-03582,1,1,1,1,1
case-03583,0,0,1,1,1
case-03584,1,1,1,1,1
case-03585,0,0,1,1,1
case-03586,1,0,0,0,1
case-03587,1,0,0,0,1
case-03588,0,0,1,1,1
case-03589,0,0,1,1,1
case-03590,1,0,0,0,1
case-03591,1,0,0,0,1
case-03592,1,1,1,1,1
case-03593,1,0,0,0,1
case-03594,2,1,0,0,1
case-03595,0,0,1,1,1
case-03596,1,1,1,1,1
case-03597,1,0,0,0,1
case-03598,2,1,0,0,1
case-03599,0,0,1,1,1
case-03600,0,0,1,1,1
case-03601,0,0,1,1,1
case-03602,1,0,0,0,1
case-03603,1,0,0,0,1
case-03604,1,0,0,0,1
case-03605,1,0,0,0,1
case-03606,1,1,1,1,1
case-03607,0,0,1,1,1
case-03608,1,1,1,1,1
case-03609,1,0,0,0,1
case-03610,2,1,0,0,1
case-03611,1,0,0,0,1
case-03612,2,1,0,0,1
case-03613,0,0,1,1,1
case-03614,1,0,0,0,1
case-03615,1,0,0,0,1
case-03616,1,0,0,0,1
case-03617,1,0,0,0,1
case-03618,2,0,0,0,1
case-03619,2,0,0,0,1
case-03620,1,1,1,1,1
case-03621,1,0,0,0,1
case-03622,2,1,0,0,1
case-03623,1,0,0,0,1
case-03624,2,1,0,0,1
case-03625,2,0,0,0,1
case-03626,3,1,0,0,1
case-03627,1,1,1,1,1
case-03628,0,0,1,1,1
case-03629,1,1,1,1,1
case-03630,0,0,1,1,1
case-03631,1,1,1,1,1
case-03632,0,0,1,1,1
case-03633,1,1,1,1,1
case-03634,0,0,1,1,1
case-03635,1,1,1,1,1
case-03636,1,1,1,1,1
case-03637,0,0,1,1,1
case-03638,0,0,1,1,1
case-03639,1,1,1,1,1
case-03640,1,1,1,1,1
case-03641,1,1,1,1,1
case-03642,1,1,1,1,1
case-03643,2,1,0,0,1
case-03644,0,0,1,1,1
case-03645,1,1,1,1,1
case-03646,1,1,1,1,1
case-03647,2,1,0,0,1
case-03648,0,0,1,1,1
case-03649,0,0,1,1,1
case-03650,0,0,1,1,1
case-03651,1,1,1,1,1
case-03652,1,1,1,1,1
case-03653,1,1,1,1,1
case-03654,1,1,1,1,1
case-03655,1,1,1,1,1
case-03656,0,0,1,1,1
case-03657,1,1,1,1,1
case-03658,1,1,1,1,1
case-03659,2,1,0,0,1
case-03660,1,1,1,1,1
case-03661,2,1,0,0,1
case-03662,0,0,1,1,1
case-03663,1,1,1,1,1
case-03664,1,1,1,1,1
case-03665,1,1,1,1,1
case-03666,1,1,1,1,1
case-03667,2,1,0,0,1
case-03668,2,1,0,0,1
case-03669,1,1,1,1,1
case-03670,1,1,1,1,1
case-03671,2,1,0,0,1
case-03672,1,1,1,1,1
case-03673,2,1,0,0,1
case-03674,2,1,0,0,1
case-03675,3,1,0,0,1
case-03676,1,1,1,1,1
case-03677,0,0,1,1,1
case-03678,1,1,1,1,1
case-03679,0,0,1,1,1
case-03680,1,1,1,1,1
case-03681,0,0,1,1,1
case-03682,1,1,1,1,1
case-03683,0,0,1,1,1
case-03684,1,1,1,1,1
case-03685,1,1,1,1,1
case-03686,0,0,1,1,1
case-03687,0,0,1,1,1
case-03688,1,1,1,1,1
case-03689,1,1,1,1,1
case-03690,1,1,1,1,1
case-03691,1,1,1,1,1
case-03692,2,2,1,1,1
case-03693,0,0,1,1,1
case-03694,1,1,1,1,1
case-03695,1,1,1,1,1
case-03696,2,2,1,1,1
case-03697,0,0,1,1,1
case-03698,0,0,1,1,1
case-03699,0,0,1,1,1
case-03700,1,1,1,1,1
case-03701,1,1,1,1,1
case-03702,1,1,1,1,1
case-03703,1,1,1,1,1
case-03704,1,1,1,1,1
case-03705,0,0,1,1,1
case-03706,1,1,1,1,1
case-03707,1,1,1,1,1
case-03708,2,2,1,1,1
case-03709,1,1,1,1,1
case-03710,2,2,1,1,1
case-03711,0,0,1,1,1
case-03712,1,1,1,1,1
case-03713,1,1,1,1,1
case-03714,1,1,1,1,1
case-03715,1,1,1,1,1
case-03716,2,1,0,0,1
case-03717,2,1,0,0,1
case-03718,1,1,1,1,1
case-03719,1,1,1,1,1
case-03720,2,2,1,1,1
case-03721,1,1,1,1,1
case-03722,2,2,1,1,1
case-03723,2,1,0,0,1
case-03724,3,2,0,0,1
case-03725,1,0,0,0,1
case-03726,0,0,1,1,1
case-03727,1,0,0,0,1
case-03728,0,0,1,1,1
case-03729,1,0,0,0,1
case-03730,0,0,1,1,1
case-03731,1,0,0,0,1
case-03732,0,0,1,1,1
case-03733,1,0,0,0,1
case-03734,1,0,0,0,1
case-03735,0,0,1,1,1
case-03736,0,0,1,1,1
case-03737,1,0,0,0,1
case-03738,1,0,0,0,1
case-03739,1,0,0,0,1
case-03740,1,0,0,0,1
case-03741,2,0,0,0,1
case-03742,0,0,1,1,1
case-03743,1,0,0,0,1
case-03744,1,0,0,0,1
case-03745,2,0,0,0,1
case-03746,0,0,1,1,1
case-03747,0,0,1,1,1
case-03748,0,0,1,1,1
case-03749,1,0,0,0,1
case-03750,1,0,0,0,1
case-03751,1,0,0,0,1
case-03752,1,0,0,0,1
case-03753,1,0,0,0,1
case-03754,0,0,1,1,1
case-03755,1,0,0,0,1
case-03756,1,0,0,0,1
case-03757,2,0,0,0,1
case-03758,1,0,0,0,1
case-03759,2,0,0,0,1
case-03760,0,0,1,1,1
case-03761,1,0,0,0,1
case-03762,1,0,0,0,1
case-03763,1,0,0,0,1
case-03764,1,0,0,0,1
case-03765,2,0,0,0,1
case-03766,2,0,0,0,1
case-03767,1,0,0,0,1
case-03768,1,0,0,0,1
case-03769,2,0,0,0,1
case-03770,1,0,0,0,1
case-03771,2,0,0,0,1
case-03772,2,0,0,0,1
case-03773,3,0,0,0,1
case-03774,1,1,1,1,1
case-03775,0,0,1,1,1
case-03776,1,1,1,1,1
case-03777,0,0,1,1,1
case-03778,1,1,1,1,1
case-03779,0,0,1,1,1
case-03780,1,1,1,1,1
case-03781,0,0,1,1,1
case-03782,1,0,0,0,1
case-03783,1,0,0,0,1
case-03784,0,0,1,1,1
case-03785,0,0,1,1,1
case-03786,1,0,0,0,1
case-03787,1,0,0,0,1
case-03788,1,1,1,1,1
case-03789,1,0,0,0,1
case-03790,2,1,0,0,1
case-03791,0,0,1,1,1
case-03792,1,1,1,1,1
case-03793,1,0,0,0,1
case-03794,2,1,0,0,1
case-03795,0,0,1,1,1
case-03796,0,0,1,1,1
case-03797,0,0,1,1,1
case-03798,1,1,1,1,1
case-03799,1,1,1,1,1
case-03800,1,1,1,1,1
case-03801,1,1,1,1,1
case-03802,1,1,1,1,1
case-03803,0,0,1,1,1
case-03804,1,1,1,1,1
case-03805,1,1,1,1,1
case-03806,2,1,0,0,1
case-03807,1,1,1,1,1
case-03808,2,1,0,0,1
case-03809,0,0,1,1,1
case-03810,1,0,0,0,1
case-03811,1,0,0,0,1
case-03812,1,1,1,1,1
case-03813,1,1,1,1,1
case-03814,2,1,0,0,1
case-03815,2,1,0,0,1
case-03816,1,1,1,1,1
case-03817,1,0,0,0,1
case-03818,2,1,0,0,1
case-03819,1,1,1,1,1
case-03820,2,1,0,0,1
case-03821,2,1,0,0,1
case-03822,3,1,0,0,1
case-03823,1,1,1,1,1
case-03824,0,0,1,1,1
case-03825,1,1,1,1,1
case-03826,0,0,1,1,1
case-03827,1,1,1,1,1
case-03828,0,0,1,1,1
case-03829,1,1,1,1,1
case-03830,0,0,1,1,1
case-03831,1,1,1,1,1
case-03832,1,1,1,1,1
case-03833,0,0,1,1,1
case-03834,0,0,1,1,1
case-03835,1,1,1,1,1
case-03836,1,1,1,1,1
case-03837,1,1,1,1,1
case-03838,1,1,1,1,1
case-03839,2,1,0,0,1
case-03840,0,0,1,1,1
case-03841,1,1,1,1,1
case-03842,1,1,1,1,1
case-03843,2,1,0,0,1
case-03844,0,0,1,1,1
case-03845,0,0,1,1,1
case-03846,0,0,1,1,1
case-03847,1,0,0,0,1
case-03848,1,0,0,0,1
case-03849,1,0,0,0,1
case-03850,1,0,0,0,1
case-03851,1,1,1,1,1
case-03852,0,0,1,1,1
case-03853,1,1,1,1,1
case-03854,1,0,0,0,1
case-03855,2,1,0,0,1
case-03856,1,0,0,0,1
case-03857,2,1,0,0,1
case-03858,0,0,1,1,1
case-03859,1,1,1,1,1
case-03860,1,1,1,1,1
case-03861,1,0,0,0,1
case-03862,1,0,0,0,1
case-03863,2,1,0,0,1
case-03864,2,1,0,0,1
case-03865,1,1,1,1,1
case-03866,1,1,1,1,1
case-03867,2,1,0,0,1
case-03868,1,0,0,0,1
case-03869,2,1,0,0,1
case-03870,2,1,0,0,1
case-03871,3,1,0,0,1
case-03872,1,1,1,1,1
case-03873,0,0,1,1,1
case-03874,1,1,1,1,1
case-03875,0,0,1,1,1
case-03876,1,1,1,1,1
case-03877,0,0,1,1,1
case-03878,1,1,1,1,1
case-03879,0,0,1,1,1
case-03880,1,1,1,1,1
case-03881,1,1,1,1,1
case-03882,0,0,1,1,1
case-03883,0,0,1,1,1
case-03884,1,1,1,1,1
case-03885,1,1,1,1,1
case-03886,1,1,1,1,1
case-03887,1,1,1,1,1
case-03888,2,2,1,1,1
case-03889,0,0,1,1,1
case-03890,1,1,1,1,1
case-03891,1,1,1,1,1
case-03892,2,2,1,1,1
case-03893,0,0,1,1,1
case-03894,0,0,1,1,1
case-03895,0,0,1,1,1
case-03896,1,1,1,1,1
case-03897,1,1,1,1,1
case-03898,1,1,1,1,1
case-03899,1,1,1,1,1
case-03900,1,1,1,1,1
case-03901,0,0,1,1,1
case-03902,1,1,1,1,1
case-03903,1,1,1,1,1
case-03904,2,2,1,1,1
case-03905,1,1,1,1,1
case-03906,2,2,1,1,1
case-03907,0,0,1,1,1
case-03908,1,1,1,1,1
case-03909,1,1,1,1,1
case-03910,1,1,1,1,1
case-03911,1,1,1,1,1
case-03912,2,2,1,1,1
case-03913,2,2,1,1,1
case-03914,1,1,1,1,1
case-03915,1,1,1,1,1
case-03916,2,2,1,1,1
case-03917,1,1,1,1,1
case-03918,2,2,1,1,1
case-03919,2,2,1,1,1
case-03920,3,2,0,0,1
case-03921,1,0,0,0,1
case-03922,0,0,1,1,1
case-03923,1,0,0,0,1
case-03924,0,0,1,1,1
case-03925,1,0,0,0,1
case-03926,0,0,1,1,1
case-03927,1,0,0,0,1
case-03928,0,0,1,1,1
case-03929,1,0,0,0,1
case-03930,1,0,0,0,1
case-03931,0,0,1,1,1
case-03932,0,0,1,1,1
case-03933,1,0,0,0,1
case-03934,1,0,0,0,1
case-03935,1,0,0,0,1
case-03936,1,0,0,0,1
case-03937,2,0,0,0,1
case-03938,0,0,1,1,1
case-03939,1,0,0,0,1
case-03940,1,0,0,0,1
case-03941,2,0,0,0,1
case-03942,0,0,1,1,1
case-03943,0,0,1,1,1
case-03944,0,0,1,1,1
case-03945,1,0,0,0,1
case-03946,1,0,0,0,1
case-03947,1,0,0,0,1
case-03948,1,0,0,0,1
case-03949,1,0,0,0,1
case-03950,0,0,1,1,1
case-03951,1,0,0,0,1
case-03952,1,0,0,0,1
case-03953,2,0,0,0,1
case-03954,1,0,0,0,1
case-03955,2,0,0,0,1
case-03956,0,0,1,1,1
case-03957,1,0,0,0,1
case-03958,1,0,0,0,1
case-03959,1,0,0,0,1
case-03960,1,0,0,0,1
case-03961,2,0,0,0,1
case-03962,2,0,0,0,1
case-03963,1,0,0,0,1
case-03964,1,0,0,0,1
case-03965,2,0,0,0,1
case-03966,1,0,0,0,1
case-03967,2,0,0,0,1
case-03968,2,0,0,0,1
case-03969,3,0,0,0,1
case-03970,1,1,1,1,1
case-03971,0,0,1,1,1
case-03972,1,1,1,1,1
case-03973,0,0,1,1,1
case-03974,1,1,1,1,1
case-03975,0,0,1,1,1
case-03976,1,1,1,1,1
case-03977,0,0,1,1,1
case-03978,1,0,0,0,1
case-03979,1,0,0,0,1
case-03980,0,0,1,1,1
case-03981,0,0,1,1,1
case-03982,1,0,0,0,1
case-03983,1,0,0,0,1
case-03984,1,1,1,1,1
case-03985,1,0,0,0,1
case-03986,2,1,0,0,1
case-03987,0,0,1,1,1
case-03988,1,1,1,1,1
case-03989,1,0,0,0,1
case-03990,2,1,0,0,1
case-03991,0,0,1,1,1
case-03992,0,0,1,1,1
case-03993,0,0,1,1,1
case-03994,1,1,1,1,1
case-03995,1,1,1,1,1
case-03996,1,1,1,1,1
case-03997,1,1,1,1,1
case-03998,1,1,1,1,1
case-03999,0,0,1,1,1
case-04000,1,1,1,1,1
case-04001,1,1,1,1,1
case-04002,2,1,0,0,1
case-04003,1,1,1,1,1
case-04004,2,1,0,0,1
case-04005,0,0,1,1,1
case-04006,1,0,0,0,1
case-04007,1,0,0,0,1
case-04008,1,1,1,1,1
case-04009,1,1,1,1,1
case-04010,2,1,0,0,1
case-04011,2,1,0,0,1
case-04012,1,1,1,1,1
case-04013,1,0,0,0,1
case-04014,2,1,0,0,1
case-04015,1,1,1,1,1
case-04016,2,1,0,0,1
case-04017,2,1,0,0,1
case-04018,3,1,0,0,1
case-04019,1,1,1,1,1
case-04020,0,0,1,1,1
case-04021,1,1,1,1,1
case-04022,0,0,1,1,1
case-04023,1,1,1,1,1
case-04024,0,0,1,1,1
case-04025,1,1,1,1,1
case-04026,0,0,1,1,1
case-04027,1,1,1,1,1
case-04028,1,1,1,1,1
case-04029,0,0,1,1,1
case-04030,0,0,1,1,1
case-04031,1,1,1,1,1
case-04032,1,1,1,1,1
case-04033,1,1,1,1,1
case-04034,1,1,1,1,1
case-04035,2,1,0,0,1
case-04036,0,0,1,1,1
case-04037,1,1,1,1,1
case-04038,1,1,1,1,1
case-04039,2,1,0,0,1
case-04040,0,0,1,1,1
case-04041,0,0,1,1,1
case-04042,0,0,1,1,1
case-04043,1,1,1,1,1
case-04044,1,1,1,1,1
case-04045,1,1,1,1,1
case-04046,1,1,1,1,1
case-04047,1,1,1,1,1
case-04048,0,0,1,1,1
case-04049,1,1,1,1,1
case-04050,1,1,1,1,1
case-04051,2,1,0,0,1
case-04052,1,1,1,1,1
case-04053,2,1,0,0,1
case-04054,0,0,1,1,1
case-04055,1,1,1,1,1
case-04056,1,1,1,1,1
case-04057,1,1,1,1,1
case-04058,1,1,1,1,1
case-04059,2,1,0,0,1
case-04060,2,1,0,0,1
case-04061,1,1,1,1,1
case-04062,1,1,1,1,1
case-04063,2,1,0,0,1
case-04064,1,1,1,1,1
case-04065,2,1,0,0,1
case-04066,2,1,0,0,1
case-04067,3,1,0,0,1
case-04068,1,1,1,1,1
case-04069,0,0,1,1,1
case-04070,1,1,1,1,1
case-04071,0,0,1,1,1
case-04072,1,1,1,1,1
case-04073,0,0,1,1,1
case-04074,1,1,1,1,1
case-04075,0,0,1,1,1
case-04076,1,1,1,1,1
case-04077,1,1,1,1,1
case-04078,0,0,1,1,1
case-04079,0,0,1,1,1
case-04080,1,1,1,1,1
case-04081,1,1,1,1,1
case-04082,1,1,1,1,1
case-04083,1,1,1,1,1
case-04084,2,2,1,1,1
case-04085,0,0,1,1,1
case-04086,1,1,1,1,1
case-04087,1,1,1,1,1
case-04088,2,2,1,1,1
case-04089,0,0,1,1,1
case-04090,0,0,1,1,1
case-04091,0,0,1,1,1
case-04092,1,1,1,1,1
case-04093,1,1,1,1,1
case-04094,1,1,1,1,1
case-04095,1,1,1,1,1
case-04096,1,1,1,1,1
case-04097,0,0,1,1,1
case-04098,1,1,1,1,1
case-04099,1,1,1,1,1
case-04100,2,2,1,1,1
case-04101,1,1,1,1,1
case-04102,2,2,1,1,1
case-04103,0,0,1,1,1
case-04104,1,1,1,1,1
case-04105,1,1,1,1,1
case-04106,1,1,1,1,1
case-04107,1,1,1,1,1
case-04108,2,2,1,1,1
case-04109,2,2,1,1,1
case-04110,1,1,1,1,1
case-04111,1,1,1,1,1
case-04112,2,2,1,1,1
case-04113,1,1,1,1,1
case-04114,2,2,1,1,1
case-04115,2,2,1,1,1
case-04116,3,2,0,0,1
case-04117,1,0,0,0,1
case-04118,0,0,1,1,1
case-04119,1,0,0,0,1
case-04120,0,0,1,1,1
case-04121,1,0,0,0,1
case-04122,0,0,1,1,1
case-04123,1,0,0,0,1
case-04124,0,0,1,1,1
case-04125,1,0,0,0,1
case-04126,1,0,0,0,1
case-04127,0,0,1,1,1
case-04128,0,0,1,1,1
case-04129,1,0,0,0,1
case-04130,1,0,0,0,1
case-04131,1,0,0,0,1
case-04132,1,0,0,0,1
case-04133,2,0,0,0,1
case-04134,0,0,1,1,1
case-04135,1,0,0,0,1
case-04136,1,0,0,0,1
case-04137,2,0,0,0,1
case-04138,0,0,1,1,1
case-04139,0,0,1,1,1
case-04140,0,0,1,1,1
case-04141,1,0,0,0,1
case-04142,1,0,0,0,1
case-04143,1,0,0,0,1
case-04144,1,0,0,0,1
case-04145,1,0,0,0,1
case-04146,0,0,1,1,1
case-04147,1,0,0,0,1
case-04148,1,0,0,0,1
case-04149,2,0,0,0,1
case-04150,1,0,0,0,1
case-04151,2,0,0,0,1
case-04152,0,0,1,1,1
case-04153,1,0,0,0,1
case-04154,1,0,0,0,1
case-04155,1,0,0,0,1
case-04156,1,0,0,0,1
case-04157,2,0,0,0,1
case-04158,2,0,0,0,1
case-04159,1,0,0,0,1
case-04160,1,0,0,0,1
case-04161,2,0,0,0,1
case-04162,1,0,0,0,1
case-04163,2,0,0,0,1
case-04164,2,0,0,0,1
case-04165,3,0,0,0,1
case-04166,1,1,1,1,1
case-04167,0,0,1,1,1
case-04168,1,1,1,1,1
case-04169,0,0,1,1,1
case-04170,1,1,1,1,1
case-04171,0,0,1,1,1
case-04172,1,1,1,1,1
case-04173,0,0,1,1,1
case-04174,1,1,1,1,1
case-04175,1,1,1,1,1
case-04176,0,0,1,1,1
case-04177,0,0,1,1,1
case-04178,1,1,1,1,1
case-04179,1,1,1,1,1
case-04180,1,1,1,1,1
case-04181,1,1,1,1,1
case-04182,2,1,0,0,1
case-04183,0,0,1,1,1
case-04184,1,1,1,1,1
case-04185,1,1,1,1,1
case-04186,2,1,0,0,1
case-04187,0,0,1,1,1
case-04188,0,0,1,1,1
case-04189,0,0,1,1,1
case-04190,1,0,0,0,1
case-04191,1,0,0,0,1
case-04192,1,0,0,0,1
case-04193,1,0,0,0,1
case-04194,1,1,1,1,1
case-04195,0,0,1,1,1
case-04196,1,1,1,1,1
case-04197,1,0,0,0,1
case-04198,2,1,0,0,1
case-04199,1,0,0,0,1
case-04200,2,1,0,0,1
case-04201,0,0,1,1,1
case-04202,1,1,1,1,1
case-04203,1,1,1,1,1
case-04204,1,0,0,0,1
case-04205,1,0,0,0,1
case-04206,2,1,0,0,1
case-04207,2,1,0,0,1
case-04208,1,1,1,1,1
case-04209,1,1,1,1,1
case-04210,2,1,0,0,1
case-04211,1,0,0,0,1
case-04212,2,1,0,0,1
case-04213,2,1,0,0,1
case-04214,3,1,0,0,1
case-04215,1,1,1,1,1
case-04216,0,0,1,1,1
case-04217,1,1,1,1,1
case-04218,0,0,1,1,1
case-04219,1,1,1,1,1
case-04220,0,0,1,1,1
case-04221,1,1,1,1,1
case-04222,0,0,1,1,1
case-04223,1,0,0,0,1
case-04224,1,0,0,0,1
case-04225,0,0,1,1,1
case-04226,0,0,1,1,1
case-04227,1,0,0,0,1
case-04228,1,0,0,0,1
case-04229,1,1,1,1,1
case-04230,1,0,0,0,1
case-04231,2,1,0,0,1
case-04232,0,0,1,1,1
case-04233,1,1,1,1,1
case-04234,1,0,0,0,1
case-04235,2,1,0,0,1
case-04236,0,0,1,1,1
case-04237,0,0,1,1,1
case-04238,0,0,1,1,1
case-04239,1,1,1,1,1
case-04240,1,1,1,1,1
case-04241,1,1,1,1,1
case-04242,1,1,1,1,1
case-04243,1,1,1,1,1
case-04244,0,0,1,1,1
case-04245,1,1,1,1,1
case-04246,1,1,1,1,1
case-04247,2,1,0,0,1
case-04248,1,1,1,1,1
case-04249,2,1,0,0,1
case-04250,0,0,1,1,1
case-04251,1,0,0,0,1
case-04252,1,0,0,0,1
case-04253,1,1,1,1,1
case-04254,1,1,1,1,1
case-04255,2,1,0,0,1
case-04256,2,1,0,0,1
case-04257,1,1,1,1,1
case-04258,1,0,0,0,1
case-04259,2,1,0,0,1
case-04260,1,1,1,1,1
case-04261,2,1,0,0,1
case-04262,2,1,0,0,1
case-04263,3,1,0,0,1
case-04264,1,1,1,1,1
case-04265,0,0,1,1,1
case-04266,1,1,1,1,1
case-04267,0,0,1,1,1
case-04268,1,1,1,1,1
case-04269,0,0,1,1,1
case-04270,1,1,1,1,1
case-04271,0,0,1,1,1
case-04272,1,1,1,1,1
case-04273,1,1,1,1,1
case-04274,0,0,1,1,1
case-04275,0,0,1,1,1
case-04276,1,1,1,1,1
case-04277,1,1,1,1,1
case-04278,1,1,1,1,1
case-04279,1,1,1,1,1
case-04280,2,2,1,1,1
case-04281,0,0,1,1,1
case-04282,1,1,1,1,1
case-04283,1,1,1,1,1
case-04284,2,2,1,1,1
case-04285,0,0,1,1,1
case-04286,0,0,1,1,1
case-04287,0,0,1,1,1
case-04288,1,1,1,1,1
case-04289,1,1,1,1,1
case-04290,1,1,1,1,1
case-04291,1,1,1,1,1
case-04292,1,1,1,1,1
case-04293,0,0,1,1,1
case-04294,1,1,1,1,1
case-04295,1,1,1,1,1
case-04296,2,2,1,1,1
case-04297,1,1,1,1,1
case-04298,2,2,1,1,1
case-04299,0,0,1,1,1
case-04300,1,1,1,1,1
case-04301,1,1,1,1,1
case-04302,1,1,1,1,1
case-04303,1,1,1,1,1
case-04304,2,2,1,1,1
case-04305,2,2,1,1,1
case-04306,1,1,1,1,1
case-04307,1,1,1,1,1
case-04308,2,2,1,1,1
case-04309,1,1,1,1,1
case-04310,2,2,1,1,1
case-04311,2,2,1,1,1
case-04312,3,2,0,0,1
case-04313,1,0,0,0,1
case-04314,0,0,1,1,1
case-04315,1,0,0,0,1
case-04316,0,0,1,1,1
case-04317,1,0,0,0,1
case-04318,0,0,1,1,1
case-04319,1,0,0,0,1
case-04320,0,0,1,1,1
case-04321,1,0,0,0,1
case-04322,1,0,0,0,1
case-04323,0,0,1,1,1
case-04324,0,0,1,1,1
case-04325,1,0,0,0,1
case-04326,1,0,0,0,1
case-04327,1,0,0,0,1
case-04328,1,0,0,0,1
case-04329,2,0,0,0,1
case-04330,0,0,1,1,1
case-04331,1,0,0,0,1
case-04332,1,0,0,0,1
case-04333,2,0,0,0,1
case-04334,0,0,1,1,1
case-04335,0,0,1,1,1
case-04336,0,0,1,1,1
case-04337,1,0,0,0,1
case-04338,1,0,0,0,1
case-04339,1,0,0,0,1
case-04340,1,0,0,0,1
case-04341,1,0,0,0,1
case-04342,0,0,1,1,1
case-04343,1,0,0,0,1
case-04344,1,0,0,0,1
case-04345,2,0,0,0,1
case-04346,1,0,0,0,1
case-04347,2,0,0,0,1
case-04348,0,0,1,1,1
case-04349,1,0,0,0,1
case-04350,1,0,0,0,1
case-04351,1,0,0,0,1
case-04352,1,0,0,0,1
case-04353,2,0,0,0,1
case-04354,2,0,0,0,1
case-04355,1,0,0,0,1
case-04356,1,0,0,0,1
case-04357,2,0,0,0,1
case-04358,1,0,0,0,1
case-04359,2,0,0,0,1
case-04360,2,0,0,0,1
case-04361,3,0,0,0,1
case-04362,1,1,1,1,1
case-04363,0,0,1,1,1
case-04364,1,1,1,1,1
case-04365,0,0,1,1,1
case-04366,1,1,1,1,1
case-04367,0,0,1,1,1
case-04368,1,1,1,1,1
case-04369,0,0,1,1,1
case-04370,1,1,1,1,1
case-04371,1,1,1,1,1
case-04372,0,0,1,1,1
case-04373,0,0,1,1,1
case-04374,1,1,1,1,1
case-04375,1,1,1,1,1
case-04376,1,1,1,1,1
case-04377,1,1,1,1,1
case-04378,2,1,0,0,1
case-04379,0,0,1,1,1
case-04380,1,1,1,1,1
case-04381,1,1,1,1,1
case-04382,2,1,0,0,1
case-04383,0,0,1,1,1
case-04384,0,0,1,1,1
case-04385,0,0,1,1,1
case-04386,1,1,1,1,1
case-04387,1,1,1,1,1
case-04388,1,1,1,1,1
case-04389,1,1,1,1,1
case-04390,1,1,1,1,1
case-04391,0,0,1,1,1
case-04392,1,1,1,1,1
case-04393,1,1,1,1,1
case-04394,2,1,0,0,1
case-04395,1,1,1,1,1
case-04396,2,1,0,0,1
case-04397,0,0,1,1,1
case-04398,1,1,1,1,1
case-04399,1,1,1,1,1
case-04400,1,1,1,1,1
case-04401,1,1,1,1,1
case-04402,2,1,0,0,1
case-04403,2,1,0,0,1
case-04404,1,1,1,1,1
case-04405,1,1,1,1,1
case-04406,2,1,0,0,1
case-04407,1,1,1,1,1
case-04408,2,1,0,0,1
case-04409,2,1,0,0,1
case-04410,3,1,0,0,1
case-04411,1,1,1,1,1
case-04412,0,0,1,1,1
case-04413,1,1,1,1,1
case-04414,0,0,1,1,1
case-04415,1,1,1,1,1
case-04416,0,0,1,1,1
case-04417,1,1,1,1,1
case-04418,0,0,1,1,1
case-04419,1,0,0,0,1
case-04420,1,0,0,0,1
case-04421,0,0,1,1,1
case-04422,0,0,1,1,1
case-04423,1,0,0,0,1
case-04424,1,0,0,0,1
case-04425,1,1,1,1,1
case-04426,1,0,0,0,1
case-04427,2,1,0,0,1
case-04428,0,0,1,1,1
case-04429,1,1,1,1,1
case-04430,1,0,0,0,1
case-04431,2,1,0,0,1
case-04432,0,0,1,1,1
case-04433,0,0,1,1,1
case-04434,0,0,1,1,1
case-04435,1,0,0,0,1
case-04436,1,0,0,0,1
case-04437,1,0,0,0,1
case-04438,1,0,0,0,1
case-04439,1,1,1,1,1
case-04440,0,0,1,1,1
case-04441,1,1,1,1,1
case-04442,1,0,0,0,1
case-04443,2,1,0,0,1
case-04444,1,0,0,0,1
case-04445,2,1,0,0,1
case-04446,0,0,1,1,1
case-04447,1,0,0,0,1
case-04448,1,0,0,0,1
case-04449,1,0,0,0,1
case-04450,1,0,0,0,1
case-04451,2,0,0,0,1
case-04452,2,0,0,0,1
case-04453,1,1,1,1,1
case-04454,1,0,0,0,1
case-04455,2,1,0,0,1
case-04456,1,0,0,0,1
case-04457,2,1,0,0,1
case-04458,2,0,0,0,1
case-04459,3,1,0,0,1
case-04460,1,1,1,1,1
case-04461,0,0,1,1,1
case-04462,1,1,1,1,1
case-04463,0,0,1,1,1
case-04464,1,1,1,1,1
case-04465,0,0,1,1,1
case-04466,1,1,1,1,1
case-04467,0,0,1,1,1
case-04468,1,1,1,1,1
case-04469,1,1,1,1,1
case-04470,0,0,1,1,1
case-04471,0,0,1,1,1
case-04472,1,1,1,1,1
case-04473,1,1,1,1,1
case-04474,1,1,1,1,1
case-04475,1,1,1,1,1
case-04476,2,2,1,1,1
case-04477,0,0,1,1,1
case-04478,1,1,1,1,1
case-04479,1,1,1,1,1
case-04480,2,2,1,1,1
case-04481,0,0,1,1,1
case-04482,0,0,1,1,1
case-04483,0,0,1,1,1
case-04484,1,1,1,1,1
case-04485,1,1,1,1,1
case-04486,1,1,1,1,1
case-04487,1,1,1,1,1
case-04488,1,1,1,1,1
case-04489,0,0,1,1,1
case-04490,1,1,1,1,1
case-04491,1,1,1,1,1
case-04492,2,2,1,1,1
case-04493,1,1,1,1,1
case-04494,2,2,1,1,1
case-04495,0,0,1,1,1
case-04496,1,1,1,1,1
case-04497,1,1,1,1,1
case-04498,1,1,1,1,1
case-04499,1,1,1,1,1
case-04500,2,1,0,0,1
case-04501,2,1,0,0,1
case-04502,1,1,1,1,1
case-04503,1,1,1,1,1
case-04504,2,2,1,1,1
case-04505,1,1,1,1,1
case-04506,2,2,1,1,1
case-04507,2,1,0,0,1
case-04508,3,2,0,0,1
case-04509,1,0,0,0,1
case-04510,0,0,1,1,1
case-04511,1,0,0,0,1
case-04512,0,0,1,1,1
case-04513,1,0,0,0,1
case-04514,0,0,1,1,1
case-04515,1,0,0,0,1
case-04516,0,0,1,1,1
case-04517,1,0,0,0,1
case-04518,1,0,0,0,1
case-04519,0,0,1,1,1
case-04520,0,0,1,1,1
case-04521,1,0,0,0,1
case-04522,1,0,0,0,1
case-04523,1,0,0,0,1
case-04524,1,0,0,0,1
case-04525,2,0,0,0,1
case-04526,0,0,1,1,1
case-04527,1,0,0,0,1
case-04528,1,0,0,0,1
case-04529,2,0,0,0,1
case-04530,0,0,1,1,1
case-04531,0,0,1,1,1
case-04532,0,0,1,1,1
case-04533,1,0,0,0,1
case-04534,1,0,0,0,1
case-04535,1,0,0,0,1
case-04536,1,0,0,0,1
case-04537,1,0,0,0,1
case-04538,0,0,1,1,1
case-04539,1,0,0,0,1
case-04540,1,0,0,0,1
case-04541,2,0,0,0,1
case-04542,1,0,0,0,1
case-04543,2,0,0,0,1
case-04544,0,0,1,1,1
case-04545,1,0,0,0,1
case-04546,1,0,0,0,1
case-04547,1,0,0,0,1
case-04548,1,0,0,0,1
case-04549,2,0,0,0,1
case-04550,2,0,0,0,1
case-04551,1,0,0,0,1
case-04552,1,0,0,0,1
case-04553,2,0,0,0,1
case-04554,1,0,0,0,1
case-04555,2,0,0,0,1
case-04556,2,0,0,0,1
case-04557,3,0,0,0,1
case-04558,1,1,1,1,1
case-04559,0,0,1,1,1
case-04560,1,1,1,1,1
case-04561,0,0,1,1,1
case-04562,1,1,1,1,1
case-04563,0,0,1,1,1
case-04564,1,1,1,1,1
case-04565,0,0,1,1,1
case-04566,1,1,1,1,1
case-04567,1,1,1,1,1
case-04568,0,0,1,1,1
case-04569,0,0,1,1,1
case-04570,1,1,1,1,1
case-04571,1,1,1,1,1
case-04572,1,1,1,1,1
case-04573,1,1,1,1,1
case-04574,2,1,0,0,1
case-04575,0,0,1,1,1
case-04576,1,1,1,1,1
case-04577,1,1,1,1,1
case-04578,2,1,0,0,1
case-04579,0,0,1,1,1
case-04580,0,0,1,1,1
case-04581,0,0,1,1,1
case-04582,1,1,1,1,1
case-04583,1,1,1,1,1
case-04584,1,1,1,1,1
case-04585,1,1,1,1,1
case-04586,1,1,1,1,1
case-04587,0,0,1,1,1
case-04588,1,1,1,1,1
case-04589,1,1,1,1,1
case-04590,2,1,0,0,1
case-04591,1,1,1,1,1
case-04592,2,1,0,0,1
case-04593,0,0,1,1,1
case-04594,1,1,1,1,1
case-04595,1,1,1,1,1
case-04596,1,1,1,1,1
case-04597,1,1,1,1,1
case-04598,2,1,0,0,1
case-04599,2,1,0,0,1
case-04600,1,1,1,1,1
case-04601,1,1,1,1,1
case-04602,2,1,0,0,1
case-04603,1,1,1,1,1
case-04604,2,1,0,0,1
case-04605,2,1,0,0,1
case-04606,3,1,0,0,1
case-04607,1,1,1,1,1
case-04608,0,0,1,1,1
case-04609,1,1,1,1,1
case-04610,0,0,1,1,1
case-04611,1,1,1,1,1
case-04612,0,0,1,1,1
case-04613,1,1,1,1,1
case-04614,0,0,1,1,1
case-04615,1,0,0,0,1
case-04616,1,0,0,0,1
case-04617,0,0,1,1,1
case-04618,0,0,1,1,1
case-04619,1,0,0,0,1
case-04620,1,0,0,0,1
case-04621,1,1,1,1,1
case-04622,1,0,0,0,1
case-04623,2,1,0,0,1
case-04624,0,0,1,1,1
case-04625,1,1,1,1,1
case-04626,1,0,0,0,1
case-04627,2,1,0,0,1
case-04628,0,0,1,1,1
case-04629,0,0,1,1,1
case-04630,0,0,1,1,1
case-04631,1,1,1,1,1
case-04632,1,1,1,1,1
case-04633,1,1,1,1,1
case-04634,1,1,1,1,1
case-04635,1,1,1,1,1
case-04636,0,0,1,1,1
case-04637,1,1,1,1,1
case-04638,1,1,1,1,1
case-04639,2,1,0,0,1
case-04640,1,1,1,1,1
case-04641,2,1,0,0,1
case-04642,0,0,1,1,1
case-04643,1,0,0,0,1
case-04644,1,0,0,0,1
case-04645,1,1,1,1,1
case-04646,1,1,1,1,1
case-04647,2,1,0,0,1
case-04648,2,1,0,0,1
case-04649,1,1,1,1,1
case-04650,1,0,0,0,1
case-04651,2,1,0,0,1
case-04652,1,1,1,1,1
case-04653,2,1,0,0,1
case-04654,2,1,0,0,1
case-04655,3,1,0,0,1
case-04656,1,1,1,1,1
case-04657,0,0,1,1,1
case-04658,1,1,1,1,1
case-04659,0,0,1,1,1
case-04660,1,1,1,1,1
case-04661,0,0,1,1,1
case-04662,1,1,1,1,1
case-04663,0,0,1,1,1
case-04664,1,1,1,1,1
case-04665,1,1,1,1,1
case-04666,0,0,1,1,1
case-04667,0,0,1,1,1
case-04668,1,1,1,1,1
case-04669,1,1,1,1,1
case-04670,1,1,1,1,1
case-04671,1,1,1,1,1
case-04672,2,2,1,1,1
case-04673,0,0,1,1,1
case-04674,1,1,1,1,1
case-04675,1,1,1,1,1
case-04676,2,2,1,1,1
case-04677,0,0,1,1,1
case-04678,0,0,1,1,1
case-04679,0,0,1,1,1
case-04680,1,1,1,1,1
case-04681,1,1,1,1,1
case-04682,1,1,1,1,1
case-04683,1,1,1,1,1
case-04684,1,1,1,1,1
case-04685,0,0,1,1,1
case-04686,1,1,1,1,1
case-04687,1,1,1,1,1
case-04688,2,2,1,1,1
case-04689,1,1,1,1,1
case-04690,2,2,1,1,1
case-04691,0,0,1,1,1
case-04692,1,1,1,1,1
case-04693,1,1,1,1,1
case-04694,1,1,1,1,1
case-04695,1,1,1,1,1
case-04696,2,2,1,1,1
case-04697,2,2,1,1,1
case-04698,1,1,1,1,1
case-04699,1,1,1,1,1
case-04700,2,2,1,1,1
case-04701,1,1,1,1,1
case-04702,2,2,1,1,1
case-04703,2,2,1,1,1
case-04704,3,2,0,0,1
case-04705,1,0,0,0,1
case-04706,0,0,1,1,1
case-04707,1,0,0,0,1
case-04708,0,0,1,1,1
case-04709,1,0,0,0,1
case-04710,0,0,1,1,1
case-04711,1,0,0,0,1
case-04712,0,0,1,1,1
case-04713,1,0,0,0,1
case-04714,1,0,0,0,1
case-04715,0,0,1,1,1
case-04716,0,0,1,1,1
case-04717,1,0,0,0,1
case-04718,1,0,0,0,1
case-04719,1,0,0,0,1
case-04720,1,0,0,0,1
case-04721,2,0,0,0,1
case-04722,0,0,1,1,1
case-04723,1,0,0,0,1
case-04724,1,0,0,0,1
case-04725,2,0,0,0,1
case-04726,0,0,1,1,1
case-04727,0,0,1,1,1
case-04728,0,0,1,1,1
case-04729,1,0,0,0,1
case-04730,1,0,0,0,1
case-04731,1,0,0,0,1
case-04732,1,0,0,0,1
case-04733,1,0,0,0,1
case-04734,0,0,1,1,1
case-04735,1,0,0,0,1
case-04736,1,0,0,0,1
case-04737,2,0,0,0,1
case-04738,1,0,0,0,1
case-04739,2,0,0,0,1
case-04740,0,0,1,1,1
case-04741,1,0,0,0,1
case-04742,1,0,0,0,1
case-04743,1,0,0,0,1
case-04744,1,0,0,0,1
case-04745,2,0,0,0,1
case-04746,2,0,0,0,1
case-04747,1,0,0,0,1
case-04748,1,0,0,0,1
case-04749,2,0,0,0,1
case-04750,1,0,0,0,1
case-04751,2,0,0,0,1
case-04752,2,0,0,0,1
case-04753,3,0,0,0,1
case-04754,1,1,1,1,1
case-04755,0,0,1,1,1
case-04756,1,1,1,1,1
case-04757,0,0,1,1,1
case-04758,1,1,1,1,1
case-04759,0,0,1,1,1
case-04760,1,1,1,1,1
case-04761,0,0,1,1,1
case-04762,1,1,1,1,1
case-04763,1,1,1,1,1
case-04764,0,0,1,1,1
case-04765,0,0,1,1,1
case-04766,1,1,1,1,1
case-04767,1,1,1,1,1
case-04768,1,1,1,1,1
case-04769,1,1,1,1,1
case-04770,2,1,0,0,1
case-04771,0,0,1,1,1
case-04772,1,1,1,1,1
case-04773,1,1,1,1,1
case-04774,2,1,0,0,1
case-04775,0,0,1,1,1
case-04776,0,0,1,1,1
case-04777,0,0,1,1,1
case-04778,1,0,0,0,1
case-04779,1,0,0,0,1
case-04780,1,0,0,0,1
case-04781,1,0,0,0,1
case-04782,1,1,1,1,1
case-04783,0,0,1,1,1
case-04784,1,1,1,1,1
case-04785,1,0,0,0,1
case-04786,2,1,0,0,1
case-04787,1,0,0,0,1
case-04788,2,1,0,0,1
case-04789,0,0,1,1,1
case-04790,1,1,1,1,1
case-04791,1,1,1,1,1
case-04792,1,0,0,0,1
case-04793,1,0,0,0,1
case-04794,2,1,0,0,1
case-04795,2,1,0,0,1
case-04796,1,1,1,1,1
case-04797,1,1,1,1,1
case-04798,2,1,0,0,1
case-04799,1,0,0,0,1
case-04800,2,1,0,0,1
case-04801,2,1,0,0,1
case-04802,3,1,0,0,1
case-04803,1,1,1,1,1
case-04804,0,0,1,1,1
case-04805,1,1,1,1,1
case-04806,0,0,1,1,1
case-04807,1,1,1,1,1
case-04808,0,0,1,1,1
case-04809,1,1,1,1,1
case-04810,0,0,1,1,1
case-04811,1,1,1,1,1
case-04812,1,1,1,1,1
case-04813,0,0,1,1,1
case-04814,0,0,1,1,1
case-04815,1,1,1,1,1
case-04816,1,1,1,1,1
case-04817,1,1,1,1,1
case-04818,1,1,1,1,1
case-04819,2,1,0,0,1
case-04820,0,0,1,1,1
case-04821,1,1,1,1,1
case-04822,1,1,1,1,1
case-04823,2,1,0,0,1
case-04824,0,0,1,1,1
case-04825,0,0,1,1,1
case-04826,0,0,1,1,1
case-04827,1,1,1,1,1
case-04828,1,1,1,1,1
case-04829,1,1,1,1,1
case-04830,1,1,1,1,1
case-04831,1,1,1,1,1
case-04832,0,0,1,1,1
case-04833,1,1,1,1,1
case-04834,1,1,1,1,1
case-04835,2,1,0,0,1
case-04836,1,1,1,1,1
case-04837,2,1,0,0,1
case-04838,0,0,1,1,1
case-04839,1,1,1,1,1
case-04840,1,1,1,1,1
case-04841,1,1,1,1,1
case-04842,1,1,1,1,1
case-04843,2,1,0,0,1
case-04844,2,1,0,0,1
case-04845,1,1,1,1,1
case-04846,1,1,1,1,1
case-04847,2,1,0,0,1
case-04848,1,1,1,1,1
case-04849,2,1,0,0,1
case-04850,2,1,0,0,1
case-04851,3,1,0,0,1
case-04852,1,1,1,1,1
case-04853,0,0,1,1,1
case-04854,1,1,1,1,1
case-04855,0,0,1,1,1
case-04856,1,1,1,1,1
case-04857,0,0,1,1,1
case-04858,1,1,1,1,1
case-04859,0,0,1,1,1
case-04860,1,1,1,1,1
case-04861,1,1,1,1,1
case-04862,0,0,1,1,1
case-04863,0,0,1,1,1
case-04864,1,1,1,1,1
case-04865,1,1,1,1,1
case-04866,1,1,1,1,1
case-04867,1,1,1,1,1
case-04868,2,2,1,1,1
case-04869,0,0,1,1,1
case-04870,1,1,1,1,1
case-04871,1,1,1,1,1
case-04872,2,2,1,1,1
case-04873,0,0,1,1,1
case-04874,0,0,1,1,1
case-04875,0,0,1,1,1
case-04876,1,1,1,1,1
case-04877,1,1,1,1,1
case-04878,1,1,1,1,1
case-04879,1,1,1,1,1
case-04880,1,1,1,1,1
case-04881,0,0,1,1,1
case-04882,1,1,1,1,1
case-04883,1,1,1,1,1
case-04884,2,2,1,1,1
case-04885,1,1,1,1,1
case-04886,2,2,1,1,1
case-04887,0,0,1,1,1
case-04888,1,1,1,1,1
case-04889,1,1,1,1,1
case-04890,1,1,1,1,1
case-04891,1,1,1,1,1
case-04892,2,2,1,1,1
case-04893,2,2,1,1,1
case-04894,1,1,1,1,1
case-04895,1,1,1,1,1
case-04896,2,2,1,1,1
case-04897,1,1,1,1,1
case-04898,2,2,1,1,1
case-04899,2,2,1,1,1
case-04900,3,2,0,0,1
case-04901,1,0,0,0,1
case-04902,0,0,1,1,1
case-04903,1,0,0,0,1
case-04904,0,0,1,1,1
case-04905,1,0,0,0,1
case-04906,0,0,1,1,1
case-04907,1,0,0,0,1
case-04908,0,0,1,1,1
case-04909,1,0,0,0,1
case-04910,1,0,0,0,1
case-04911,0,0,1,1,1
case-04912,0,0,1,1,1
case-04913,1,0,0,0,1
case-04914,1,0,0,0,1
case-04915,1,0,0,0,1
case-04916,1,0,0,0,1
case-04917,2,0,0,0,1
case-04918,0,0,1,1,1
case-04919,1,0,0,0,1
case-04920,1,0,0,0,1
case-04921,2,0,0,0,1
case-04922,0,0,1,1,1
case-04923,0,0,1,1,1
case-04924,0,0,1,1,1
case-04925,1,0,0,0,1
case-04926,1,0,0,0,1
case-04927,1,0,0,0,1
case-04928,1,0,0,0,1
case-04929,1,0,0,0,1
case-04930,0,0,1,1,1
case-04931,1,0,0,0,1
case-04932,1,0,0,0,1
case-04933,2,0,0,0,1
case-04934,1,0,0,0,1
case-04935,2,0,0,0,1
case-04936,0,0,1,1,1
case-04937,1,0,0,0,1
case-04938,1,0,0,0,1
case-04939,1,0,0,0,1
case-04940,1,0,0,0,1
case-04941,2,0,0,0,1
case-04942,2,0,0,0,1
case-04943,1,0,0,0,1
case-04944,1,0,0,0,1
case-04945,2,0,0,0,1
case-04946,1,0,0,0,1
case-04947,2,0,0,0,1
case-04948,2,0,0,0,1
case-04949,3,0,0,0,1
case-04950,1,1,1,1,1
case-04951,0,0,1,1,1
case-04952,1,1,1,1,1
case-04953,0,0,1,1,1
case-04954,1,1,1,1,1
case-04955,0,0,1,1,1
case-04956,1,1,1,1,1
case-04957,0,0,1,1,1
case-04958,1,1,1,1,1
case-04959,1,1,1,1,1
case-04960,0,0,1,1,1
case-04961,0,0,1,1,1
case-04962,1,1,1,1,1
case-04963,1,1,1,1,1
case-04964,1,1,1,1,1
case-04965,1,1,1,1,1
case-04966,2,1,0,0,1
case-04967,0,0,1,1,1
case-04968,1,1,1,1,1
case-04969,1,1,1,1,1
case-04970,2,1,0,0,1
case-04971,0,0,1,1,1
case-04972,0,0,1,1,1
case-04973,0,0,1,1,1
case-04974,1,1,1,1,1
case-04975,1,1,1,1,1
case-04976,1,1,1,1,1
case-04977,1,1,1,1,1
case-04978,1,1,1,1,1
case-04979,0,0,1,1,1
case-04980,1,1,1,1,1
case-04981,1,1,1,1,1
case-04982,2,1,0,0,1
case-04983,1,1,1,1,1
case-04984,2,1,0,0,1
case-04985,0,0,1,1,1
case-04986,1,1,1,1,1
case-04987,1,1,1,1,1
case-04988,1,1,1,1,1
case-04989,1,1,1,1,1
case-04990,2,1,0,0,1
case-04991,2,1,0,0,1
case-04992,1,1,1,1,1
case-04993,1,1,1,1,1
case-04994,2,1,0,0,1
case-04995,1,1,1,1,1
case-04996,2,1,0,0,1
case-04997,2,1,0,0,1
case-04998,3,1,0,0,1
case-04999,1,1,1,1,1
case-05000,0,0,1,1,1
case-05001,1,1,1,1,1
case-05002,0,0,1,1,1
case-05003,1,1,1,1,1
case-05004,0,0,1,1,1
case-05005,1,1,1,1,1
case-05006,0,0,1,1,1
case-05007,1,1,1,1,1
case-05008,1,1,1,1,1
case-05009,0,0,1,1,1
case-05010,0,0,1,1,1
case-05011,1,1,1,1,1
case-05012,1,1,1,1,1
case-05013,1,1,1,1,1
case-05014,1,1,1,1,1
case-05015,2,1,0,0,1
case-05016,0,0,1,1,1
case-05017,1,1,1,1,1
case-05018,1,1,1,1,1
case-05019,2,1,0,0,1
case-05020,0,0,1,1,1
case-05021,0,0,1,1,1
case-05022,0,0,1,1,1
case-05023,1,0,0,0,1
case-05024,1,0,0,0,1
case-05025,1,0,0,0,1
case-05026,1,0,0,0,1
case-05027,1,1,1,1,1
case-05028,0,0,1,1,1
case-05029,1,1,1,1,1
case-05030,1,0,0,0,1
case-05031,2,1,0,0,1
case-05032,1,0,0,0,1
case-05033,2,1,0,0,1
case-05034,0,0,1,1,1
case-05035,1,1,1,1,1
case-05036,1,1,1,1,1
case-05037,1,0,0,0,1
case-05038,1,0,0,0,1
case-05039,2,1,0,0,1
case-05040,2,1,0,0,1
case-05041,1,1,1,1,1
case-05042,1,1,1,1,1
case-05043,2,1,0,0,1
case-05044,1,0,0,0,1
case-05045,2,1,0,0,1
case-05046,2,1,0,0,1
case-05047,3,1,0,0,1
case-05048,1,1,1,1,1
case-05049,0,0,1,1,1
case-05050,1,1,1,1,1
case-05051,0,0,1,1,1
case-05052,1,1,1,1,1
case-05053,0,0,1,1,1
case-05054,1,1,1,1,1
case-05055,0,0,1,1,1
case-05056,1,1,1,1,1
case-05057,1,1,1,1,1
case-05058,0,0,1,1,1
case-05059,0,0,1,1,1
case-05060,1,1,1,1,1
case-05061,1,1,1,1,1
case-05062,1,1,1,1,1
case-05063,1,1,1,1,1
case-05064,2,2,1,1,1
case-05065,0,0,1,1,1
case-05066,1,1,1,1,1
case-05067,1,1,1,1,1
case-05068,2,2,1,1,1
case-05069,0,0,1,1,1
case-05070,0,0,1,1,1
case-05071,0,0,1,1,1
case-05072,1,1,1,1,1
case-05073,1,1,1,1,1
case-05074,1,1,1,1,1
case-05075,1,1,1,1,1
case-05076,1,1,1,1,1
case-05077,0,0,1,1,1
case-05078,1,1,1,1,1
case-05079,1,1,1,1,1
case-05080,2,2,1,1,1
case-05081,1,1,1,1,1
case-05082,2,2,1,1,1
case-05083,0,0,1,1,1
case-05084,1,1,1,1,1
case-05085,1,1,1,1,1
case-05086,1,1,1,1,1
case-05087,1,1,1,1,1
case-05088,2,2,1,1,1
case-05089,2,2,1,1,1
case-05090,1,1,1,1,1
case-05091,1,1,1,1,1
case-05092,2,2,1,1,1
case-05093,1,1,1,1,1
case-05094,2,2,1,1,1
case-05095,2,2,1,1,1
case-05096,3,2,0,0,1
case-05097,1,0,0,0,1
case-05098,0,0,1,1,1
case-05099,1,0,0,0,1
case-05100,0,0,1,1,1
case-05101,1,0,0,0,1
case-05102,0,0,1,1,1
case-05103,1,0,0,0,1
case-05104,0,0,1,1,1
case-05105,1,0,0,0,1
case-05106,1,0,0,0,1
case-05107,0,0,1,1,1
case-05108,0,0,1,1,1
case-05109,1,0,0,0,1
case-05110,1,0,0,0,1
case-05111,1,0,0,0,1
case-05112,1,0,0,0,1
case-05113,2,0,0,0,1
case-05114,0,0,1,1,1
case-05115,1,0,0,0,1
case-05116,1,0,0,0,1
case-05117,2,0,0,0,1
case-05118,0,0,1,1,1
case-05119,0,0,1,1,1
case-05120,0,0,1,1,1
case-05121,1,0,0,0,1
case-05122,1,0,0,0,1
case-05123,1,0,0,0,1
case-05124,1,0,0,0,1
case-05125,1,0,0,0,1
case-05126,0,0,1,1,1
case-05127,1,0,0,0,1
case-05128,1,0,0,0,1
case-05129,2,0,0,0,1
case-05130,1,0,0,0,1
case-05131,2,0,0,0,1
case-05132,0,0,1,1,1
case-05133,1,0,0,0,1
case-05134,1,0,0,0,1
case-05135,1,0,0,0,1
case-05136,1,0,0,0,1
case-05137,2,0,0,0,1
case-05138,2,0,0,0,1
case-05139,1,0,0,0,1
case-05140,1,0,0,0,1
case-05141,2,0,0,0,1
case-05142,1,0,0,0,1
case-05143,2,0,0,0,1
case-05144,2,0,0,0,1
case-05145,3,0,0,0,1
case-05146,1,1,1,1,1
case-05147,0,0,1,1,1
case-05148,1,1,1,1,1
case-05149,0,0,1,1,1
case-05150,1,1,1,1,1
case-05151,0,0,1,1,1
case-05152,1,1,1,1,1
case-05153,0,0,1,1,1
case-05154,1,1,1,1,1
case-05155,1,1,1,1,1
case-05156,0,0,1,1,1
case-05157,0,0,1,1,1
case-05158,1,1,1,1,1
case-05159,1,1,1,1,1
case-05160,1,1,1,1,1
case-05161,1,1,1,1,1
case-05162,2,1,0,0,1
case-05163,0,0,1,1,1
case-05164,1,1,1,1,1
case-05165,1,1,1,1,1
case-05166,2,1,0,0,1
case-05167,0,0,1,1,1
case-05168,0,0,1,1,1
case-05169,0,0,1,1,1
case-05170,1,1,1,1,1
case-05171,1,1,1,1,1
case-05172,1,1,1,1,1
case-05173,1,1,1,1,1
case-05174,1,1,1,1,1
case-05175,0,0,1,1,1
case-05176,1,1,1,1,1
case-05177,1,1,1,1,1
case-05178,2,1,0,0,1
case-05179,1,1,1,1,1
case-05180,2,1,0,0,1
case-05181,0,0,1,1,1
case-05182,1,1,1,1,1
case-05183,1,1,1,1,1
case-05184,1,1,1,1,1
case-05185,1,1,1,1,1
case-05186,2,1,0,0,1
case-05187,2,1,0,0,1
case-05188,1,1,1,1,1
case-05189,1,1,1,1,1
case-05190,2,1,0,0,1
case-05191,1,1,1,1,1
case-05192,2,1,0,0,1
case-05193,2,1,0,0,1
case-05194,3,1,0,0,1
case-05195,1,1,1,1,1
case-05196,0,0,1,1,1
case-05197,1,1,1,1,1
case-05198,0,0,1,1,1
case-05199,1,1,1,1,1
case-05200,0,0,1,1,1
case-05201,1,1,1,1,1
case-05202,0,0,1,1,1
case-05203,1,1,1,1,1
case-05204,1,1,1,1,1
case-05205,0,0,1,1,1
case-05206,0,0,1,1,1
case-05207,1,1,1,1,1
case-05208,1,1,1,1,1
case-05209,1,1,1,1,1
case-05210,1,1,1,1,1
case-05211,2,1,0,0,1
case-05212,0,0,1,1,1
case-05213,1,1,1,1,1
case-05214,1,1,1,1,1
case-05215,2,1,0,0,1
case-05216,0,0,1,1,1
case-05217,0,0,1,1,1
case-05218,0,0,1,1,1
case-05219,1,1,1,1,1
case-05220,1,1,1,1,1
case-05221,1,1,1,1,1
case-05222,1,1,1,1,1
case-05223,1,1,1,1,1
case-05224,0,0,1,1,1
case-05225,1,1,1,1,1
case-05226,1,1,1,1,1
case-05227,2,1,0,0,1
case-05228,1,1,1,1,1
case-05229,2,1,0,0,1
case-05230,0,0,1,1,1
case-05231,1,1,1,1,1
case-05232,1,1,1,1,1
case-05233,1,1,1,1,1
case-05234,1,1,1,1,1
case-05235,2,1,0,0,1
case-05236,2,1,0,0,1
case-05237,1,1,1,1,1
case-05238,1,1,1,1,1
case-05239,2,1,0,0,1
case-05240,1,1,1,1,1
case-05241,2,1,0,0,1
case-05242,2,1,0,0,1
case-05243,3,1,0,0,1
case-05244,1,1,1,1,1
case-05245,0,0,1,1,1
case-05246,1,1,1,1,1
case-05247,0,0,1,1,1
case-05248,1,1,1,1,1
case-05249,0,0,1,1,1
case-05250,1,1,1,1,1
case-05251,0,0,1,1,1
case-05252,1,1,1,1,1
case-05253,1,1,1,1,1
case-05254,0,0,1,1,1
case-05255,0,0,1,1,1
case-05256,1,1,1,1,1
case-05257,1,1,1,1,1
case-05258,1,1,1,1,1
case-05259,1,1,1,1,1
case-05260,2,2,1,1,1
case-05261,0,0,1,1,1
case-05262,1,1,1,1,1
case-05263,1,1,1,1,1
case-05264,2,2,1,1,1
case-05265,0,0,1,1,1
case-05266,0,0,1,1,1
case-05267,0,0,1,1,1
case-05268,1,1,1,1,1
case-05269,1,1,1,1,1
case-05270,1,1,1,1,1
case-05271,1,1,1,1,1
case-05272,1,1,1,1,1
case-05273,0,0,1,1,1
case-05274,1,1,1,1,1
case-05275,1,1,1,1,1
case-05276,2,2,1,1,1
case-05277,1,1,1,1,1
case-05278,2,2,1,1,1
case-05279,0,0,1,1,1
case-05280,1,1,1,1,1
case-05281,1,1,1,1,1
case-05282,1,1,1,1,1
case-05283,1,1,1,1,1
case-05284,2,2,1,1,1
case-05285,2,2,1,1,1
case-05286,1,1,1,1,1
case-05287,1,1,1,1,1
case-05288,2,2,1,1,1
case-05289,1,1,1,1,1
case-05290,2,2,1,1,1
case-05291,2,2,1,1,1
case-05292,3,2,0,0,1
